--
-- PostgreSQL database dump
--

\restrict u8wdrC4bRcJxRRjWeNXzclZ9adyxGXWdXYzHgnDMOBT8WVLZFkDG4EfLSiglJ11

-- Dumped from database version 15.17
-- Dumped by pg_dump version 15.17

SET statement_timeout = 0;
SET lock_timeout = 0;
SET idle_in_transaction_session_timeout = 0;
SET client_encoding = 'UTF8';
SET standard_conforming_strings = on;
SELECT pg_catalog.set_config('search_path', '', false);
SET check_function_bodies = false;
SET xmloption = content;
SET client_min_messages = warning;
SET row_security = off;

SET default_tablespace = '';

SET default_table_access_method = heap;

--
-- Name: api_loanapplication; Type: TABLE; Schema: public; Owner: mira_user
--

CREATE TABLE public.api_loanapplication (
    id bigint NOT NULL,
    data jsonb NOT NULL,
    created_at timestamp with time zone NOT NULL,
    created_by_id integer,
    status character varying(20) NOT NULL,
    updated_at timestamp with time zone NOT NULL,
    updated_by_id integer,
    branch character varying(100),
    operator_fish character varying(255)
);


ALTER TABLE public.api_loanapplication OWNER TO mira_user;

--
-- Name: api_loanapplication_id_seq; Type: SEQUENCE; Schema: public; Owner: mira_user
--

ALTER TABLE public.api_loanapplication ALTER COLUMN id ADD GENERATED BY DEFAULT AS IDENTITY (
    SEQUENCE NAME public.api_loanapplication_id_seq
    START WITH 1
    INCREMENT BY 1
    NO MINVALUE
    NO MAXVALUE
    CACHE 1
);


--
-- Name: api_userprofile; Type: TABLE; Schema: public; Owner: mira_user
--

CREATE TABLE public.api_userprofile (
    id bigint NOT NULL,
    user_id integer NOT NULL,
    filial character varying(100),
    filial_fish character varying(100),
    filial_fish_inisiali character varying(100),
    tashkilot_direktor_fish character varying(100),
    tashkilot_direktor_fish_inisiali character varying(100),
    tashkilot_nomi character varying(100)
);


ALTER TABLE public.api_userprofile OWNER TO mira_user;

--
-- Name: api_userprofile_id_seq; Type: SEQUENCE; Schema: public; Owner: mira_user
--

ALTER TABLE public.api_userprofile ALTER COLUMN id ADD GENERATED BY DEFAULT AS IDENTITY (
    SEQUENCE NAME public.api_userprofile_id_seq
    START WITH 1
    INCREMENT BY 1
    NO MINVALUE
    NO MAXVALUE
    CACHE 1
);


--
-- Name: auth_group; Type: TABLE; Schema: public; Owner: mira_user
--

CREATE TABLE public.auth_group (
    id integer NOT NULL,
    name character varying(150) NOT NULL
);


ALTER TABLE public.auth_group OWNER TO mira_user;

--
-- Name: auth_group_id_seq; Type: SEQUENCE; Schema: public; Owner: mira_user
--

ALTER TABLE public.auth_group ALTER COLUMN id ADD GENERATED BY DEFAULT AS IDENTITY (
    SEQUENCE NAME public.auth_group_id_seq
    START WITH 1
    INCREMENT BY 1
    NO MINVALUE
    NO MAXVALUE
    CACHE 1
);


--
-- Name: auth_group_permissions; Type: TABLE; Schema: public; Owner: mira_user
--

CREATE TABLE public.auth_group_permissions (
    id bigint NOT NULL,
    group_id integer NOT NULL,
    permission_id integer NOT NULL
);


ALTER TABLE public.auth_group_permissions OWNER TO mira_user;

--
-- Name: auth_group_permissions_id_seq; Type: SEQUENCE; Schema: public; Owner: mira_user
--

ALTER TABLE public.auth_group_permissions ALTER COLUMN id ADD GENERATED BY DEFAULT AS IDENTITY (
    SEQUENCE NAME public.auth_group_permissions_id_seq
    START WITH 1
    INCREMENT BY 1
    NO MINVALUE
    NO MAXVALUE
    CACHE 1
);


--
-- Name: auth_permission; Type: TABLE; Schema: public; Owner: mira_user
--

CREATE TABLE public.auth_permission (
    id integer NOT NULL,
    name character varying(255) NOT NULL,
    content_type_id integer NOT NULL,
    codename character varying(100) NOT NULL
);


ALTER TABLE public.auth_permission OWNER TO mira_user;

--
-- Name: auth_permission_id_seq; Type: SEQUENCE; Schema: public; Owner: mira_user
--

ALTER TABLE public.auth_permission ALTER COLUMN id ADD GENERATED BY DEFAULT AS IDENTITY (
    SEQUENCE NAME public.auth_permission_id_seq
    START WITH 1
    INCREMENT BY 1
    NO MINVALUE
    NO MAXVALUE
    CACHE 1
);


--
-- Name: auth_user; Type: TABLE; Schema: public; Owner: mira_user
--

CREATE TABLE public.auth_user (
    id integer NOT NULL,
    password character varying(128) NOT NULL,
    last_login timestamp with time zone,
    is_superuser boolean NOT NULL,
    username character varying(150) NOT NULL,
    first_name character varying(150) NOT NULL,
    last_name character varying(150) NOT NULL,
    email character varying(254) NOT NULL,
    is_staff boolean NOT NULL,
    is_active boolean NOT NULL,
    date_joined timestamp with time zone NOT NULL
);


ALTER TABLE public.auth_user OWNER TO mira_user;

--
-- Name: auth_user_groups; Type: TABLE; Schema: public; Owner: mira_user
--

CREATE TABLE public.auth_user_groups (
    id bigint NOT NULL,
    user_id integer NOT NULL,
    group_id integer NOT NULL
);


ALTER TABLE public.auth_user_groups OWNER TO mira_user;

--
-- Name: auth_user_groups_id_seq; Type: SEQUENCE; Schema: public; Owner: mira_user
--

ALTER TABLE public.auth_user_groups ALTER COLUMN id ADD GENERATED BY DEFAULT AS IDENTITY (
    SEQUENCE NAME public.auth_user_groups_id_seq
    START WITH 1
    INCREMENT BY 1
    NO MINVALUE
    NO MAXVALUE
    CACHE 1
);


--
-- Name: auth_user_id_seq; Type: SEQUENCE; Schema: public; Owner: mira_user
--

ALTER TABLE public.auth_user ALTER COLUMN id ADD GENERATED BY DEFAULT AS IDENTITY (
    SEQUENCE NAME public.auth_user_id_seq
    START WITH 1
    INCREMENT BY 1
    NO MINVALUE
    NO MAXVALUE
    CACHE 1
);


--
-- Name: auth_user_user_permissions; Type: TABLE; Schema: public; Owner: mira_user
--

CREATE TABLE public.auth_user_user_permissions (
    id bigint NOT NULL,
    user_id integer NOT NULL,
    permission_id integer NOT NULL
);


ALTER TABLE public.auth_user_user_permissions OWNER TO mira_user;

--
-- Name: auth_user_user_permissions_id_seq; Type: SEQUENCE; Schema: public; Owner: mira_user
--

ALTER TABLE public.auth_user_user_permissions ALTER COLUMN id ADD GENERATED BY DEFAULT AS IDENTITY (
    SEQUENCE NAME public.auth_user_user_permissions_id_seq
    START WITH 1
    INCREMENT BY 1
    NO MINVALUE
    NO MAXVALUE
    CACHE 1
);


--
-- Name: django_admin_log; Type: TABLE; Schema: public; Owner: mira_user
--

CREATE TABLE public.django_admin_log (
    id integer NOT NULL,
    action_time timestamp with time zone NOT NULL,
    object_id text,
    object_repr character varying(200) NOT NULL,
    action_flag smallint NOT NULL,
    change_message text NOT NULL,
    content_type_id integer,
    user_id integer NOT NULL,
    CONSTRAINT django_admin_log_action_flag_check CHECK ((action_flag >= 0))
);


ALTER TABLE public.django_admin_log OWNER TO mira_user;

--
-- Name: django_admin_log_id_seq; Type: SEQUENCE; Schema: public; Owner: mira_user
--

ALTER TABLE public.django_admin_log ALTER COLUMN id ADD GENERATED BY DEFAULT AS IDENTITY (
    SEQUENCE NAME public.django_admin_log_id_seq
    START WITH 1
    INCREMENT BY 1
    NO MINVALUE
    NO MAXVALUE
    CACHE 1
);


--
-- Name: django_content_type; Type: TABLE; Schema: public; Owner: mira_user
--

CREATE TABLE public.django_content_type (
    id integer NOT NULL,
    app_label character varying(100) NOT NULL,
    model character varying(100) NOT NULL
);


ALTER TABLE public.django_content_type OWNER TO mira_user;

--
-- Name: django_content_type_id_seq; Type: SEQUENCE; Schema: public; Owner: mira_user
--

ALTER TABLE public.django_content_type ALTER COLUMN id ADD GENERATED BY DEFAULT AS IDENTITY (
    SEQUENCE NAME public.django_content_type_id_seq
    START WITH 1
    INCREMENT BY 1
    NO MINVALUE
    NO MAXVALUE
    CACHE 1
);


--
-- Name: django_migrations; Type: TABLE; Schema: public; Owner: mira_user
--

CREATE TABLE public.django_migrations (
    id bigint NOT NULL,
    app character varying(255) NOT NULL,
    name character varying(255) NOT NULL,
    applied timestamp with time zone NOT NULL
);


ALTER TABLE public.django_migrations OWNER TO mira_user;

--
-- Name: django_migrations_id_seq; Type: SEQUENCE; Schema: public; Owner: mira_user
--

ALTER TABLE public.django_migrations ALTER COLUMN id ADD GENERATED BY DEFAULT AS IDENTITY (
    SEQUENCE NAME public.django_migrations_id_seq
    START WITH 1
    INCREMENT BY 1
    NO MINVALUE
    NO MAXVALUE
    CACHE 1
);


--
-- Name: django_session; Type: TABLE; Schema: public; Owner: mira_user
--

CREATE TABLE public.django_session (
    session_key character varying(40) NOT NULL,
    session_data text NOT NULL,
    expire_date timestamp with time zone NOT NULL
);


ALTER TABLE public.django_session OWNER TO mira_user;

--
-- Data for Name: api_loanapplication; Type: TABLE DATA; Schema: public; Owner: mira_user
--

COPY public.api_loanapplication (id, data, created_at, created_by_id, status, updated_at, updated_by_id, branch, operator_fish) FROM stdin;
1	{"financial": {"ish_manzil": "Beruniy ko'chasi 1B-uy", "ish_lavozim": "Operator", "aloqa_uy_tel": "", "daromad_jami": "4 500 000", "ish_muassasa": "TOSHKENT SHAHAR ICHKI ISHLAR BOSHQARMASI", "xarajat_jami": "680 000", "aloqa_ish_tel": "", "majburiyatlar": "Yuq", "daromad_asosiy": "4 500 000", "daromad_boshqa": 0, "xarajat_boshqa": 0, "aloqa_uyali_tel": "", "xarajat_oilaviy": 0, "daromad_jami_soz": "to'rt million besh yuz ming", "daromad_orindosh": 0, "xarajat_jami_soz": "olti yuz sakson ming", "xarajat_kommunal": "680 000"}, "collateral": {"avto": {"yil": 2022, "nomi": "CHEVROLET COBALT", "rang": "Oq", "kuzov": "XWBJA69VERA108471", "bahosi": 125000000, "manzil": "SAMARQAND SHAHAR YUGUNAKIY KOCHASI", "shassi": "RAQAMSIZ", "jshshir": "31002873680015", "dvigatel": "B15D213241352MTAX0118", "bahosi_soz": "", "kuzov_turi": "SEDAN", "texpasport": "AAF123456789", "davlat_raqami": "01A123AA", "texpasport_sana": "02.02.2022"}, "mulk": {"nomi": "YAKKA TARTIBDAGI UY-JOY", "turi": "hovli", "bahosi": "140 000 000", "manzili": "KALTAMINAR KO'CHASI 1B-UY", "bahosi_soz": "bir yuz qirq million", "egasi_fish": "", "reestr_raqami": "№1735233/Y-26004624", "kadastr_raqami": "01.04.2026 y. №23:08:40:01:04:0357", "yashash_maydoni": "108.36", "umumiy_yer_maydoni": "704", "qurilish_osti_maydoni": "149.81", "umumiy_foydali_maydoni": "213.72"}, "owner": {"fish": "ANNAZAROV KAXRAMAN SADULLAYEVICH", "jinsi": "erkak", "jshshir": "31002873680015", "pasport": "AA1234567", "telefon": "+998 90 123 45 67", "fish_inisiali": "K.S.ANNAZAROV", "tugilgan_sana": "30.01.1973", "pasport_amal_qilish": "02.02.2027", "pasport_berilgan_joy": "TOSHKENT SHAHAR ICHKI ISHLAR BOSHQARMASI", "pasport_berilgan_sana": "02.02.2017"}, "types": ["mulk"], "sugurta": {"summa": 0, "kompaniya": "", "summa_soz": ""}, "garov_egasi": "self", "ishonchnoma": {"notarius_fish": "", "notarius_address": "", "notarius_berilgan_sana": "", "notarius_reestr_raqami": ""}}, "client_info": {"fish": "ANNAZAROV KAXRAMAN SADULLAYEVICH", "jinsi": "erkak", "jshshir": "31002873680015", "pasport": "AA1234567", "telefon": "+998 90 123 45 67", "contacts": [{"telefon": "+998 18 923 79 81", "qarindoshlik": "ona"}, {"telefon": "+998 27 813 47 91", "qarindoshlik": "aka"}], "fish_inisiali": "K.S.ANNAZAROV", "tugilgan_sana": "30.01.1973", "pasport_amal_qilish": "02.02.2027", "pasport_berilgan_joy": "TOSHKENT SHAHAR ICHKI ISHLAR BOSHQARMASI", "pasport_berilgan_sana": "02.02.2017"}, "loan_details": {"grafik_turi": "", "kredit_turi": "", "oylik_tolov": "7 599 695", "tugash_sana": "03.04.2027", "grafik_matni": "№\\tTo'lov muddati\\t Asosiy qarz qoldig'i  \\tTo'lov miqdori, so'm\\t\\t\\n\\t\\t\\t asosiy qarz\\tfoizlar\\tjami*\\n1\\t5/5/2026\\t 100,000,000.00 \\t 2,777,777.78 \\t 4,821,917.76 \\t 7,599,695.54 \\n2\\t6/5/2026\\t 97,222,222.22 \\t 2,777,777.78 \\t 4,541,476.44 \\t 7,319,254.22 \\n3\\t7/6/2026\\t 94,444,444.44 \\t 2,777,777.78 \\t 4,411,720.05 \\t 7,189,497.83 \\n4\\t8/5/2026\\t 91,666,666.66 \\t 2,777,777.78 \\t 4,143,835.50 \\t 6,921,613.28 \\n5\\t9/7/2026\\t 88,888,888.88 \\t 2,777,777.78 \\t 4,420,091.28 \\t 7,197,869.06 \\n6\\t10/5/2026\\t 86,111,111.10 \\t 2,777,777.78 \\t 3,633,181.16 \\t 6,410,958.94 \\n7\\t11/5/2026\\t 83,333,333.32 \\t 2,777,777.78 \\t 3,892,694.18 \\t 6,670,471.96 \\n8\\t12/7/2026\\t 80,555,555.54 \\t 2,777,777.78 \\t 3,884,322.56 \\t 6,662,100.34 \\n9\\t1/5/2027\\t 77,777,777.76 \\t 2,777,777.78 \\t 3,398,782.31 \\t 6,176,560.09 \\n10\\t2/5/2027\\t 74,999,999.98 \\t 2,777,777.78 \\t 3,503,424.70 \\t 6,281,202.48 \\n11\\t3/5/2027\\t 72,222,222.20 \\t 2,777,777.78 \\t 3,047,184.28 \\t 5,824,962.06 \\n12\\t4/5/2027\\t 69,444,444.42 \\t 2,777,777.78 \\t 3,243,911.61 \\t 6,021,689.39 \\n13\\t5/5/2027\\t 66,666,666.64 \\t 2,777,777.78 \\t 3,013,698.60 \\t 5,791,476.38 \\n14\\t6/7/2027\\t 63,888,888.86 \\t 2,777,777.78 \\t 3,176,940.69 \\t 5,954,718.47 \\n15\\t7/5/2027\\t 61,111,111.08 \\t 2,777,777.78 \\t 2,578,386.72 \\t 5,356,164.50 \\n16\\t8/5/2027\\t 58,333,333.30 \\t 2,777,777.78 \\t 2,724,885.74 \\t 5,502,663.52 \\n17\\t9/6/2027\\t 55,555,555.52 \\t 2,777,777.78 \\t 2,678,843.20 \\t 5,456,620.98 \\n18\\t10/5/2027\\t 52,777,777.74 \\t 2,777,777.78 \\t 2,306,316.64 \\t 5,084,094.42 \\n19\\t11/5/2027\\t 49,999,999.96 \\t 2,777,777.78 \\t 2,335,616.57 \\t 5,113,394.35 \\n20\\t12/6/2027\\t 47,222,222.18 \\t 2,777,777.78 \\t 2,205,859.87 \\t 4,983,637.65 \\n21\\t1/5/2028\\t 44,444,444.40 \\t 2,777,777.78 \\t 2,003,643.00 \\t 4,781,420.78 \\n22\\t2/7/2028\\t 41,666,666.62 \\t 2,777,777.78 \\t 2,066,256.72 \\t 4,844,034.50 \\n23\\t3/6/2028\\t 38,888,888.84 \\t 2,777,777.78 \\t 1,636,308.52 \\t 4,414,086.30 \\n24\\t4/5/2028\\t 36,111,111.06 \\t 2,777,777.78 \\t 1,627,959.90 \\t 4,405,737.68 \\n25\\t5/5/2028\\t 33,333,333.28 \\t 2,777,777.78 \\t 1,502,732.10 \\t 4,280,509.88 \\n26\\t6/5/2028\\t 30,555,555.50 \\t 2,777,777.78 \\t 1,423,421.42 \\t 4,201,199.20 \\n27\\t7/5/2028\\t 27,777,777.72 \\t 2,777,777.78 \\t 1,252,276.80 \\t 4,030,054.58 \\n28\\t8/7/2028\\t 24,999,999.94 \\t 2,777,777.78 \\t 1,239,754.23 \\t 4,017,532.01 \\n29\\t9/5/2028\\t 22,222,222.16 \\t 2,777,777.78 \\t 968,427.45 \\t 3,746,205.23 \\n30\\t10/5/2028\\t 19,444,444.38 \\t 2,777,777.78 \\t 876,593.70 \\t 3,654,371.48 \\n31\\t11/6/2028\\t 16,666,666.60 \\t 2,777,777.78 \\t 801,457.28 \\t 3,579,235.06 \\n32\\t12/5/2028\\t 13,888,888.82 \\t 2,777,777.78 \\t 605,267.12 \\t 3,383,044.90 \\n33\\t1/5/2029\\t 11,111,111.04 \\t 2,777,777.78 \\t 519,025.87 \\t 3,296,803.65 \\n34\\t2/5/2029\\t 8,333,333.26 \\t 2,777,777.78 \\t 389,269.48 \\t 3,167,047.26 \\n35\\t3/5/2029\\t 5,555,555.48 \\t 2,777,777.78 \\t 234,398.64 \\t 3,012,176.42 \\n36\\t4/3/2029\\t 2,777,777.70 \\t 2,777,777.70 \\t 121,385.01 \\t 2,899,162.71 \\n37\\t12/30/1899\\t-0.00 \\t -   \\t -   \\t -   \\n38\\t12/30/1899\\t-0.00 \\t -   \\t -   \\t -   \\n39\\t12/30/1899\\t-0.00 \\t -   \\t -   \\t -   \\n40\\t12/30/1899\\t-0.00 \\t -   \\t -   \\t -   \\n41\\t12/30/1899\\t-0.00 \\t -   \\t -   \\t -   \\n42\\t12/30/1899\\t-0.00 \\t -   \\t -   \\t -   \\n43\\t12/30/1899\\t-0.00 \\t -   \\t -   \\t -   \\n44\\t12/30/1899\\t-0.00 \\t -   \\t -   \\t -   \\n45\\t12/30/1899\\t-0.00 \\t -   \\t -   \\t -   \\n46\\t12/30/1899\\t-0.00 \\t -   \\t -   \\t -   \\n47\\t12/30/1899\\t-0.00 \\t -   \\t -   \\t -   \\n48\\t12/30/1899\\t-0.00 \\t -   \\t -   \\t -   \\n\\tJAMI\\t\\t 100,000,000.00 \\t 85,231,267.10 \\t 185,231,267.10 \\n", "foiz_stavkasi": "55", "kredit_muddati": "36", "kredit_summasi": "100 000 000", "shartnoma_sana": "03.04.2026", "boshlanish_sana": "03.04.2026", "oylik_tolov_soz": "yetti million besh yuz to'qson to'qqiz ming olti yuz to'qson besh", "shartnoma_raqami": "№310-TR", "foiz_stavkasi_soz": "ellik besh", "kredit_muddati_soz": "o'ttiz olti", "kredit_summasi_soz": "yuz million"}, "administrative": {"filial": "Buxoro", "filial_fish": "IKROMOV BAHODIR ABDURAXIMOVICH", "tashkilot_nomi": "«PULLOL BUSINESS MIKROMOLIYA TASHKILOTI» MChJ", "filial_fish_inisiali": "B.A.IKROMOV", "tashkilot_direktor_fish": "OBIDOV ABDULLOH SHOKIR OGLI", "tashkilot_direktor_fish_inisiali": "A.SH.OBIDOV"}}	2026-04-05 07:43:07.919948+00	2	approved	2026-04-05 07:45:09.924613+00	1	Buxoro	IKROMOV BAHODIR ABDURAXIMOVICH
2	{"financial": {"ish_manzil": "Beruniy ko'chasi 1B-uy", "ish_lavozim": "Operator", "aloqa_uy_tel": "", "daromad_jami": "15 000 000", "ish_muassasa": "TOSHKENT SHAHAR ICHKI ISHLAR BOSHQARMASI", "xarajat_jami": "1 800 000", "aloqa_ish_tel": "", "majburiyatlar": "mavjud emas", "daromad_asosiy": "15 000 000", "daromad_boshqa": 0, "xarajat_boshqa": "600 000", "aloqa_uyali_tel": "", "xarajat_oilaviy": "500 000", "daromad_jami_soz": "o'n besh million", "daromad_orindosh": 0, "xarajat_jami_soz": "bir million sakkiz yuz ming", "xarajat_kommunal": "700 000"}, "collateral": {"avto": {"yil": 2022, "nomi": "CHEVROLET COBALT", "rang": "Oq", "kuzov": "XWBJA69VERA108471", "bahosi": 125000000, "manzil": "SAMARQAND SHAHAR YUGUNAKIY KOCHASI", "shassi": "RAQAMSIZ", "jshshir": "31002873680015", "dvigatel": "B15D213241352MTAX0118", "bahosi_soz": "", "kuzov_turi": "SEDAN", "texpasport": "AAF123456789", "davlat_raqami": "01A123AA", "texpasport_sana": "02.02.2022"}, "mulk": {"nomi": "YAKKA TARTIBDAGI UY-JOY", "turi": "hovli", "bahosi": "140 000 000", "manzili": "KALTAMINAR KO'CHASI 1B-UY", "bahosi_soz": "bir yuz qirq million", "egasi_fish": "", "reestr_raqami": "", "kadastr_raqami": "01.04.2026 y. №23:08:40:01:04:0357", "yashash_maydoni": "213.72", "umumiy_yer_maydoni": "704", "qurilish_osti_maydoni": "149.81", "umumiy_foydali_maydoni": "213.72"}, "owner": {"fish": "ANNAZAROV KAXRAMAN SADULLAYEVICH", "jinsi": "erkak", "jshshir": "33001733420046", "pasport": "AD2849628", "telefon": "+998 90 123 45 67", "fish_inisiali": "K.S.ANNAZAROV", "tugilgan_sana": "30.01.1973", "pasport_amal_qilish": "22.03.2033", "pasport_berilgan_joy": "IIV 35233", "pasport_berilgan_sana": "23.03.2023"}, "types": ["mulk"], "sugurta": {"summa": 0, "kompaniya": "", "summa_soz": ""}, "garov_egasi": "self", "ishonchnoma": {"notarius_fish": "", "notarius_address": "", "notarius_berilgan_sana": "", "notarius_reestr_raqami": ""}}, "client_info": {"fish": "ANNAZAROV KAXRAMAN SADULLAYEVICH", "jinsi": "erkak", "jshshir": "31002873680015", "pasport": "AA1234567", "telefon": "+998 90 123 45 67", "contacts": [{"telefon": "", "qarindoshlik": ""}, {"telefon": "", "qarindoshlik": ""}], "fish_inisiali": "K.S.ANNAZAROV", "tugilgan_sana": "02.02.1987", "pasport_amal_qilish": "02.02.2027", "pasport_berilgan_joy": "TOSHKENT SHAHAR ICHKI ISHLAR BOSHQARMASI", "pasport_berilgan_sana": "02.02.2017"}, "loan_details": {"grafik_turi": "differensial", "kredit_turi": "mikroqarz", "oylik_tolov": "7 600 000", "tugash_sana": "03.04.2029", "grafik_matni": "№\\tTo'lov muddati\\t Asosiy qarz qoldig'i  \\tTo'lov miqdori, so'm\\t\\t\\n\\t\\t\\t asosiy qarz\\tfoizlar\\tjami*\\n1\\t05.05.2026\\t 100 000 000,00 \\t 2 777 777,78 \\t 4 821 917,76 \\t 7 599 695,54 \\n2\\t05.06.2026\\t 97 222 222,22 \\t 2 777 777,78 \\t 4 541 476,44 \\t 7 319 254,22 \\n3\\t06.07.2026\\t 94 444 444,44 \\t 2 777 777,78 \\t 4 411 720,05 \\t 7 189 497,83 \\n4\\t05.08.2026\\t 91 666 666,66 \\t 2 777 777,78 \\t 4 143 835,50 \\t 6 921 613,28 \\n5\\t07.09.2026\\t 88 888 888,88 \\t 2 777 777,78 \\t 4 420 091,28 \\t 7 197 869,06 \\n6\\t05.10.2026\\t 86 111 111,10 \\t 2 777 777,78 \\t 3 633 181,16 \\t 6 410 958,94 \\n7\\t05.11.2026\\t 83 333 333,32 \\t 2 777 777,78 \\t 3 892 694,18 \\t 6 670 471,96 \\n8\\t07.12.2026\\t 80 555 555,54 \\t 2 777 777,78 \\t 3 884 322,56 \\t 6 662 100,34 \\n9\\t05.01.2027\\t 77 777 777,76 \\t 2 777 777,78 \\t 3 398 782,31 \\t 6 176 560,09 \\n10\\t05.02.2027\\t 74 999 999,98 \\t 2 777 777,78 \\t 3 503 424,70 \\t 6 281 202,48 \\n11\\t05.03.2027\\t 72 222 222,20 \\t 2 777 777,78 \\t 3 047 184,28 \\t 5 824 962,06 \\n12\\t05.04.2027\\t 69 444 444,42 \\t 2 777 777,78 \\t 3 243 911,61 \\t 6 021 689,39 \\n13\\t05.05.2027\\t 66 666 666,64 \\t 2 777 777,78 \\t 3 013 698,60 \\t 5 791 476,38 \\n14\\t07.06.2027\\t 63 888 888,86 \\t 2 777 777,78 \\t 3 176 940,69 \\t 5 954 718,47 \\n15\\t05.07.2027\\t 61 111 111,08 \\t 2 777 777,78 \\t 2 578 386,72 \\t 5 356 164,50 \\n16\\t05.08.2027\\t 58 333 333,30 \\t 2 777 777,78 \\t 2 724 885,74 \\t 5 502 663,52 \\n17\\t06.09.2027\\t 55 555 555,52 \\t 2 777 777,78 \\t 2 678 843,20 \\t 5 456 620,98 \\n18\\t05.10.2027\\t 52 777 777,74 \\t 2 777 777,78 \\t 2 306 316,64 \\t 5 084 094,42 \\n19\\t05.11.2027\\t 49 999 999,96 \\t 2 777 777,78 \\t 2 335 616,57 \\t 5 113 394,35 \\n20\\t06.12.2027\\t 47 222 222,18 \\t 2 777 777,78 \\t 2 205 859,87 \\t 4 983 637,65 \\n21\\t05.01.2028\\t 44 444 444,40 \\t 2 777 777,78 \\t 2 003 643,00 \\t 4 781 420,78 \\n22\\t07.02.2028\\t 41 666 666,62 \\t 2 777 777,78 \\t 2 066 256,72 \\t 4 844 034,50 \\n23\\t06.03.2028\\t 38 888 888,84 \\t 2 777 777,78 \\t 1 636 308,52 \\t 4 414 086,30 \\n24\\t05.04.2028\\t 36 111 111,06 \\t 2 777 777,78 \\t 1 627 959,90 \\t 4 405 737,68 \\n25\\t05.05.2028\\t 33 333 333,28 \\t 2 777 777,78 \\t 1 502 732,10 \\t 4 280 509,88 \\n26\\t05.06.2028\\t 30 555 555,50 \\t 2 777 777,78 \\t 1 423 421,42 \\t 4 201 199,20 \\n27\\t05.07.2028\\t 27 777 777,72 \\t 2 777 777,78 \\t 1 252 276,80 \\t 4 030 054,58 \\n28\\t07.08.2028\\t 24 999 999,94 \\t 2 777 777,78 \\t 1 239 754,23 \\t 4 017 532,01 \\n29\\t05.09.2028\\t 22 222 222,16 \\t 2 777 777,78 \\t 968 427,45 \\t 3 746 205,23 \\n30\\t05.10.2028\\t 19 444 444,38 \\t 2 777 777,78 \\t 876 593,70 \\t 3 654 371,48 \\n31\\t06.11.2028\\t 16 666 666,60 \\t 2 777 777,78 \\t 801 457,28 \\t 3 579 235,06 \\n32\\t05.12.2028\\t 13 888 888,82 \\t 2 777 777,78 \\t 605 267,12 \\t 3 383 044,90 \\n33\\t05.01.2029\\t 11 111 111,04 \\t 2 777 777,78 \\t 519 025,87 \\t 3 296 803,65 \\n34\\t05.02.2029\\t 8 333 333,26 \\t 2 777 777,78 \\t 389 269,48 \\t 3 167 047,26 \\n35\\t05.03.2029\\t 5 555 555,48 \\t 2 777 777,78 \\t 234 398,64 \\t 3 012 176,42 \\n36\\t03.04.2029\\t 2 777 777,70 \\t 2 777 777,70 \\t 121 385,01 \\t 2 899 162,71 \\n\\tJAMI\\t\\t 100 000 000,00 \\t 85 231 267,10 \\t 185 231 267,10 \\n", "foiz_stavkasi": 55, "kredit_muddati": 36, "kredit_summasi": "100 000 000", "shartnoma_sana": "03.04.2026", "boshlanish_sana": "03.04.2026", "oylik_tolov_soz": "yetti million olti yuz ming", "shartnoma_raqami": "№310-TR", "foiz_stavkasi_soz": "ellik besh", "kredit_muddati_soz": "ottiz olti", "kredit_summasi_soz": "bir yuz million"}, "administrative": {"filial": "Buxoro", "filial_fish": "IKROMOV BAHODIR ABDURAXIMOVICH", "tashkilot_nomi": "«PULLOL BUSINESS MIKROMOLIYA TASHKILOTI» MChJ", "filial_fish_inisiali": "B.A.IKROMOV", "tashkilot_direktor_fish": "OBIDOV ABDULLOH SHOKIR OGLI", "tashkilot_direktor_fish_inisiali": "A.SH.OBIDOV"}}	2026-04-05 16:20:59.70715+00	2	new	2026-04-05 16:20:59.707191+00	2	Buxoro	IKROMOV BAHODIR ABDURAXIMOVICH
3	{"financial": {"ish_manzil": "Toshkent shahar Yakkasaroy tumani", "ish_lavozim": "santexnika ishlari", "aloqa_uy_tel": "", "daromad_jami": "21 000 000", "ish_muassasa": "ozini ozi band qilgan fuqaro", "xarajat_jami": "1 800 000", "aloqa_ish_tel": "", "majburiyatlar": "AVO MCHJ 450 000 so'm, TBC AO BANKI 20 000 000 so'm. O'rtacha oylik to'lovi 1 450 300so'm. Ayni paytda muddati otgan qarzdorligi mavjud emas.", "daromad_asosiy": "21 000 000", "daromad_boshqa": 0, "xarajat_boshqa": 0, "aloqa_uyali_tel": "", "xarajat_oilaviy": 0, "daromad_jami_soz": "yigirma bir million", "daromad_orindosh": 0, "xarajat_jami_soz": "bir million sakkiz yuz ming", "xarajat_kommunal": "680 000"}, "collateral": {"avto": {"yil": 2022, "nomi": "CHEVROLET COBALT", "rang": "Oq", "kuzov": "XWBJA69VERA108471", "bahosi": "140 000 000", "manzil": "SAMARQAND SHAHAR YUGUNAKIY KOCHASI", "shassi": "RAQAMSIZ", "jshshir": "31002873680015", "dvigatel": "B15D213241352MTAX0118", "bahosi_soz": "bir yuz qirq million", "kuzov_turi": "Sedan", "texpasport": "AAF123456789", "davlat_raqami": "01A123AA", "texpasport_sana": "02.02.2022"}, "mulk": {"nomi": "YAKKA TARTIBDAGI UY-JOY", "turi": "", "bahosi": 0, "manzili": "KALTAMINAR KO'CHASI 1B-UY", "bahosi_soz": "", "egasi_fish": "", "reestr_raqami": "", "kadastr_raqami": "01.04.2026 y. №23:08:40:01:04:0357", "yashash_maydoni": "213.72", "umumiy_yer_maydoni": "704", "qurilish_osti_maydoni": "149.81", "umumiy_foydali_maydoni": "213.72"}, "owner": {"fish": "SOY ALINA XXX", "jinsi": "ayol", "jshshir": "", "pasport": "AE1234567", "telefon": "+998 97 714 14 17", "fish_inisiali": "A.X.SOY", "tugilgan_sana": "10.12.2000", "pasport_amal_qilish": "09.12.2035", "pasport_berilgan_joy": "IIV 16000", "pasport_berilgan_sana": "10.12.2015"}, "types": ["avto"], "sugurta": {"summa": 0, "kompaniya": "", "summa_soz": ""}, "garov_egasi": "other", "ishonchnoma": {"notarius_fish": "", "notarius_address": "", "notarius_berilgan_sana": "", "notarius_reestr_raqami": ""}}, "client_info": {"fish": "ANNAZAROV KAXRAMAN SADULLAYEVICH", "jinsi": "erkak", "jshshir": "31002873680015", "pasport": "AA1234567", "telefon": "+998 90 123 45 67", "contacts": [{"telefon": "+998 00 000 00 11", "qarindoshlik": "turmush_ortoq"}, {"telefon": "+998 11 111 11 11", "qarindoshlik": "farzand"}], "fish_inisiali": "K.S.ANNAZAROV", "tugilgan_sana": "02.02.1987", "pasport_amal_qilish": "02.02.2027", "pasport_berilgan_joy": "TOSHKENT SHAHAR ICHKI ISHLAR BOSHQARMASI", "pasport_berilgan_sana": "02.02.2017"}, "loan_details": {"grafik_turi": "annuitet", "kredit_turi": "mikroqarz", "oylik_tolov": "5 600 000", "tugash_sana": "03.04.2029", "grafik_matni": "№\\tTo'lov muddati\\t Asosiy qarz qoldig'i  \\tTo'lov miqdori, so'm\\t\\t\\n\\t\\t\\t asosiy qarz\\tfoizlar\\tjami*\\n1\\t05.05.2026\\t 100 000 000,00 \\t 2 777 777,78 \\t 4 821 917,76 \\t 7 599 695,54 \\n2\\t05.06.2026\\t 97 222 222,22 \\t 2 777 777,78 \\t 4 541 476,44 \\t 7 319 254,22 \\n3\\t06.07.2026\\t 94 444 444,44 \\t 2 777 777,78 \\t 4 411 720,05 \\t 7 189 497,83 \\n4\\t05.08.2026\\t 91 666 666,66 \\t 2 777 777,78 \\t 4 143 835,50 \\t 6 921 613,28 \\n5\\t07.09.2026\\t 88 888 888,88 \\t 2 777 777,78 \\t 4 420 091,28 \\t 7 197 869,06 \\n6\\t05.10.2026\\t 86 111 111,10 \\t 2 777 777,78 \\t 3 633 181,16 \\t 6 410 958,94 \\n7\\t05.11.2026\\t 83 333 333,32 \\t 2 777 777,78 \\t 3 892 694,18 \\t 6 670 471,96 \\n8\\t07.12.2026\\t 80 555 555,54 \\t 2 777 777,78 \\t 3 884 322,56 \\t 6 662 100,34 \\n9\\t05.01.2027\\t 77 777 777,76 \\t 2 777 777,78 \\t 3 398 782,31 \\t 6 176 560,09 \\n10\\t05.02.2027\\t 74 999 999,98 \\t 2 777 777,78 \\t 3 503 424,70 \\t 6 281 202,48 \\n11\\t05.03.2027\\t 72 222 222,20 \\t 2 777 777,78 \\t 3 047 184,28 \\t 5 824 962,06 \\n12\\t05.04.2027\\t 69 444 444,42 \\t 2 777 777,78 \\t 3 243 911,61 \\t 6 021 689,39 \\n13\\t05.05.2027\\t 66 666 666,64 \\t 2 777 777,78 \\t 3 013 698,60 \\t 5 791 476,38 \\n14\\t07.06.2027\\t 63 888 888,86 \\t 2 777 777,78 \\t 3 176 940,69 \\t 5 954 718,47 \\n15\\t05.07.2027\\t 61 111 111,08 \\t 2 777 777,78 \\t 2 578 386,72 \\t 5 356 164,50 \\n16\\t05.08.2027\\t 58 333 333,30 \\t 2 777 777,78 \\t 2 724 885,74 \\t 5 502 663,52 \\n17\\t06.09.2027\\t 55 555 555,52 \\t 2 777 777,78 \\t 2 678 843,20 \\t 5 456 620,98 \\n18\\t05.10.2027\\t 52 777 777,74 \\t 2 777 777,78 \\t 2 306 316,64 \\t 5 084 094,42 \\n19\\t05.11.2027\\t 49 999 999,96 \\t 2 777 777,78 \\t 2 335 616,57 \\t 5 113 394,35 \\n20\\t06.12.2027\\t 47 222 222,18 \\t 2 777 777,78 \\t 2 205 859,87 \\t 4 983 637,65 \\n21\\t05.01.2028\\t 44 444 444,40 \\t 2 777 777,78 \\t 2 003 643,00 \\t 4 781 420,78 \\n22\\t07.02.2028\\t 41 666 666,62 \\t 2 777 777,78 \\t 2 066 256,72 \\t 4 844 034,50 \\n23\\t06.03.2028\\t 38 888 888,84 \\t 2 777 777,78 \\t 1 636 308,52 \\t 4 414 086,30 \\n24\\t05.04.2028\\t 36 111 111,06 \\t 2 777 777,78 \\t 1 627 959,90 \\t 4 405 737,68 \\n25\\t05.05.2028\\t 33 333 333,28 \\t 2 777 777,78 \\t 1 502 732,10 \\t 4 280 509,88 \\n26\\t05.06.2028\\t 30 555 555,50 \\t 2 777 777,78 \\t 1 423 421,42 \\t 4 201 199,20 \\n27\\t05.07.2028\\t 27 777 777,72 \\t 2 777 777,78 \\t 1 252 276,80 \\t 4 030 054,58 \\n28\\t07.08.2028\\t 24 999 999,94 \\t 2 777 777,78 \\t 1 239 754,23 \\t 4 017 532,01 \\n29\\t05.09.2028\\t 22 222 222,16 \\t 2 777 777,78 \\t 968 427,45 \\t 3 746 205,23 \\n30\\t05.10.2028\\t 19 444 444,38 \\t 2 777 777,78 \\t 876 593,70 \\t 3 654 371,48 \\n31\\t06.11.2028\\t 16 666 666,60 \\t 2 777 777,78 \\t 801 457,28 \\t 3 579 235,06 \\n32\\t05.12.2028\\t 13 888 888,82 \\t 2 777 777,78 \\t 605 267,12 \\t 3 383 044,90 \\n33\\t05.01.2029\\t 11 111 111,04 \\t 2 777 777,78 \\t 519 025,87 \\t 3 296 803,65 \\n34\\t05.02.2029\\t 8 333 333,26 \\t 2 777 777,78 \\t 389 269,48 \\t 3 167 047,26 \\n35\\t05.03.2029\\t 5 555 555,48 \\t 2 777 777,78 \\t 234 398,64 \\t 3 012 176,42 \\n36\\t03.04.2029\\t 2 777 777,70 \\t 2 777 777,70 \\t 121 385,01 \\t 2 899 162,71 \\n\\tJAMI\\t\\t 100 000 000,00 \\t 85 231 267,10 \\t 185 231 267,10 \\n", "foiz_stavkasi": 55, "kredit_muddati": 36, "kredit_summasi": "100 000 000", "shartnoma_sana": "03.04.2026", "boshlanish_sana": "03.04.2026", "oylik_tolov_soz": "besh million olti yuz ming", "shartnoma_raqami": "555", "foiz_stavkasi_soz": "ellik besh", "kredit_muddati_soz": "ottiz olti", "kredit_summasi_soz": "bir yuz million"}, "administrative": {"filial": "Buxoro", "filial_fish": "IKROMOV BAHODIR ABDURAXIMOVICH", "tashkilot_nomi": "«PULLOL BUSINESS MIKROMOLIYA TASHKILOTI» MChJ", "filial_fish_inisiali": "B.A.IKROMOV", "tashkilot_direktor_fish": "OBIDOV ABDULLOH SHOKIR OGLI", "tashkilot_direktor_fish_inisiali": "A.SH.OBIDOV"}}	2026-04-05 16:50:15.985159+00	2	new	2026-04-05 16:50:15.985176+00	2	Buxoro	IKROMOV BAHODIR ABDURAXIMOVICH
4	{"financial": {"ish_manzil": "NO'KIS ko'chasi RAQAMSIZ-uy", "ish_lavozim": "RAXBAR", "aloqa_uy_tel": "+998 88 787-26-66", "daromad_jami": "32 000 000", "ish_muassasa": "TO'RTKO'L PRIMER CAR TUNNING", "xarajat_jami": "680 000", "aloqa_ish_tel": "+998 99 945-26-17", "majburiyatlar": "", "daromad_asosiy": "28 000 000", "daromad_boshqa": "2 000 000", "xarajat_boshqa": 0, "aloqa_uyali_tel": "+998 97 349-54-00", "xarajat_oilaviy": 0, "daromad_jami_soz": "o'ttiz ikki million", "daromad_orindosh": "2 000 000", "xarajat_jami_soz": "olti yuz sakson ming", "xarajat_kommunal": "680 000"}, "collateral": {"avto": {"yil": "2025", "nomi": "CHEVROLET COBALT", "rang": "OQ SUMMIT WHITE", "kuzov": "XWBJA69VESA089955", "bahosi": "140 000 000", "manzil": "SAMARQAND SHAHAR YUGUNAKIY KOCHASI", "shassi": "RAQAMSIZ", "jshshir": "31002873680015", "dvigatel": "B15D212250942MTAX0564", "bahosi_soz": "bir yuz qirq million", "kuzov_turi": "Sedan", "texpasport": "AAG8295405", "davlat_raqami": "95X077RA", "texpasport_sana": "27.03.2026"}, "mulk": {"nomi": "YAKKA TARTIBDAGI UY-JOY", "turi": "", "bahosi": 0, "manzili": "KALTAMINAR KO'CHASI 1B-UY", "bahosi_soz": "", "egasi_fish": "", "reestr_raqami": "", "kadastr_raqami": "01.04.2026 y. №23:08:40:01:04:0357", "yashash_maydoni": "213.72", "umumiy_yer_maydoni": "704", "qurilish_osti_maydoni": "149.81", "umumiy_foydali_maydoni": "213.72"}, "owner": {"fish": "SAMANOV ZAFARBEK RUSLANBOY OGLI", "jinsi": "erkak", "jshshir": "30911967310026", "pasport": "AD4138795", "telefon": "+998 99 945 26 17", "fish_inisiali": "Z.R.SAMANOV", "tugilgan_sana": "09.11.1996", "pasport_amal_qilish": "31.07.2033", "pasport_berilgan_joy": "IIV 35233 TOMONIDAN", "pasport_berilgan_sana": "01.08.2023"}, "types": ["avto"], "sugurta": {"summa": 0, "kompaniya": "", "summa_soz": ""}, "garov_egasi": "self", "ishonchnoma": {"notarius_fish": "", "notarius_address": "", "notarius_berilgan_sana": "", "notarius_reestr_raqami": ""}}, "client_info": {"fish": "SAMANOV ZAFARBEK RUSLANBOY OGLI", "jinsi": "erkak", "manzil": "TO'RTKO'L TUMANI KO'NA TO'RTKO'L OFY", "jshshir": "30911967310026", "pasport": "AD4138795", "telefon": "+998 99 945 26 17", "contacts": [{"telefon": "+998 88 787 26 66", "qarindoshlik": "uka"}, {"telefon": "+998 97 349 54 00", "qarindoshlik": "aka"}], "fish_inisiali": "Z.R.SAMANOV", "tugilgan_sana": "09.11.1996", "pasport_amal_qilish": "31.07.2033", "pasport_berilgan_joy": "IIV 35233 TOMONIDAN", "pasport_berilgan_sana": "01.08.2023"}, "loan_details": {"grafik_turi": "differensial", "kredit_turi": "mikroqarz", "oylik_tolov": "12 703 000", "tugash_sana": "06.04.2027", "grafik_matni": "\\t\\t\\t\\t\\t\\n\\t\\t\\t\\t\\"6 aprel 2026 y.dan №318TR \\nmikroqarz shartnomasiga \\n1 sonli ilova\\"\\t\\nTo'lov jadvali\\t\\t\\t\\t\\t\\n\\t\\t\\t\\t\\t\\n№\\tTo'lov muddati\\t Asosiy qarz qoldig'i  \\tTo'lov miqdori, so'm\\t\\t\\n\\t\\t\\t asosiy qarz\\tfoizlar\\tjami*\\n1\\t05.05.2026\\t 100 000 000,00 \\t 8 333 333,33 \\t 4 369 862,97 \\t 12 703 196,30 \\n2\\t05.06.2026\\t 91 666 666,67 \\t 8 333 333,33 \\t 4 281 963,35 \\t 12 615 296,68 \\n3\\t06.07.2026\\t 83 333 333,34 \\t 8 333 333,33 \\t 3 892 694,18 \\t 12 226 027,51 \\n4\\t05.08.2026\\t 75 000 000,01 \\t 8 333 333,33 \\t 3 390 411,00 \\t 11 723 744,33 \\n5\\t07.09.2026\\t 66 666 666,68 \\t 8 333 333,33 \\t 3 315 068,46 \\t 11 648 401,79 \\n6\\t05.10.2026\\t 58 333 333,35 \\t 8 333 333,33 \\t 2 461 187,12 \\t 10 794 520,45 \\n7\\t05.11.2026\\t 50 000 000,02 \\t 8 333 333,33 \\t 2 335 616,57 \\t 10 668 949,90 \\n8\\t07.12.2026\\t 41 666 666,69 \\t 8 333 333,33 \\t 2 009 132,48 \\t 10 342 465,81 \\n9\\t05.01.2027\\t 33 333 333,36 \\t 8 333 333,33 \\t 1 456 620,99 \\t 9 789 954,32 \\n10\\t05.02.2027\\t 25 000 000,03 \\t 8 333 333,33 \\t 1 167 808,13 \\t 9 501 141,46 \\n11\\t05.03.2027\\t 16 666 666,70 \\t 8 333 333,33 \\t 703 196,48 \\t 9 036 529,81 \\n12\\t06.04.2027\\t 8 333 333,37 \\t 8 333 333,37 \\t 401 826,56 \\t 8 735 159,93 \\n\\tJAMI\\t\\t 100 000 000,00 \\t 29 785 388,29 \\t 129 785 388,29 \\n\\t\\t\\t\\t\\t\\n*Mikroqarz bo‘yicha to‘lovlar to‘lov jadvalida ko‘rsatilmagan sanalarda to‘langan taqdirda, to‘lov summasi mikroqarz shartnomasining 2.4.-bandiga muvofiq mikroqarz qoldig‘iga hisoblangan foizlar summasiga o‘zgartiriladi.\\t\\t\\t\\t\\t\\n\\t\\t\\t\\t\\t\\n«Mikromoliya tashkiloti »\\t\\t\\t«Qarz oluvchi»\\t\\t\\n\\t\\t\\t\\t\\t\\n«PULLOL BUSINESS MIKROMOLIYA TASHKILOTI»  MChJ\\t\\t\\tSAMANOV ZAFARBEK RUSLANBOY O'G'LI\\t\\t\\nManzil: Toshkent shahri, Yakkasaroy tumani, Rakat ko'chasi, 10-uy, 18 xonadon\\t\\t\\tManzil: QORAQALPOG'ISTON RESPUBLIKASI TO'RTKO'L TUMANI KO'NA TO'RTKO'L OFY\\t\\t\\nh/r: № 20208000405643889001\\t\\t\\tpasport seriyasi: AD 4138795, IIV 35233 tomonidan 01.08.2023 yilda berilgan\\t\\t\\nMFO: №01088 в ATB “Kapitalbank” Markaziy amaliyotlar bo'limi\\t\\t\\t\\t\\t\\nSTIR: 310430149\\t\\t\\tTel: 99-945-26-17 KLIENT\\t\\t\\nTel: (55) 510 02 16\\t\\t\\t88-787-26-66 UKASI\\t\\t\\n(90) 003 11 22\\t\\t\\t97-349-54-00 UYI\\t\\t\\n(97) 706 96 65\\t\\t\\t\\t\\t\\nTo'rtko'l filiali boshlig’i\\t\\t\\tSAMANOV Z.R.     __________________\\t\\t\\n\\t\\t\\t\\t\\t\\nDjumanazarov B.A.     __________________\\t\\t\\t\\t\\t\\n\\t\\t\\t\\t\\t\\n", "foiz_stavkasi": "55", "kredit_muddati": "12", "kredit_summasi": "100 000 000", "shartnoma_sana": "06.04.2026", "boshlanish_sana": "06.04.2026", "oylik_tolov_soz": "o'n ikki million yetti yuz uch ming", "shartnoma_raqami": "318TR", "foiz_stavkasi_soz": "ellik besh", "kredit_muddati_soz": "o'n ikki", "kredit_summasi_soz": "bir yuz million"}, "administrative": {"filial": "TO'RTKO'L FILIALI", "filial_fish": "DJUMANAZAROV BOBUR ANVAR OGLI", "tashkilot_nomi": "«PULLOL BUSINESS MIKROMOLIYA TASHKILOTI» MChJ", "filial_fish_inisiali": null, "tashkilot_direktor_fish": "OBIDOV ABDULLOH SHOKIR OGLI", "tashkilot_direktor_fish_inisiali": "A.SH.OBIDOV"}}	2026-04-06 11:01:56.84141+00	1	new	2026-04-06 11:01:56.841448+00	1	Bosh ofis	\N
5	{"financial": {"ish_manzil": "Beruniy ko'chasi 1B-uy", "ish_lavozim": "Operator", "aloqa_uy_tel": "", "daromad_jami": "13 000 000", "ish_muassasa": "TOSHKENT SHAHAR ICHKI ISHLAR BOSHQARMASI", "xarajat_jami": "1 800 000", "aloqa_ish_tel": "", "majburiyatlar": "", "daromad_asosiy": "13 000 000", "daromad_boshqa": 0, "xarajat_boshqa": 0, "aloqa_uyali_tel": "", "xarajat_oilaviy": "1 000 000", "daromad_jami_soz": "o'n uch million", "daromad_orindosh": 0, "xarajat_jami_soz": "bir million sakkiz yuz ming", "xarajat_kommunal": "800 000"}, "collateral": {"avto": {"yil": "2018", "nomi": "SPARK", "rang": "OQ BELAYA", "kuzov": "XWBMF48NEJA525204", "bahosi": "49 000 000", "manzil": "SAMARQAND SHAHAR YUGUNAKIY KOCHASI", "shassi": "RAQAMSIZ", "jshshir": "31002873680015", "dvigatel": "B15D212181062B8JX0417", "bahosi_soz": "qirq to'qqiz million", "kuzov_turi": "Sedan", "texpasport": "AAG2554881", "davlat_raqami": "80F845XA", "texpasport_sana": "10.10.2023"}, "mulk": {"nomi": "YAKKA TARTIBDAGI UY-JOY", "turi": "", "bahosi": 0, "manzili": "KALTAMINAR KO'CHASI 1B-UY", "bahosi_soz": "", "egasi_fish": "", "reestr_raqami": "", "kadastr_raqami": "01.04.2026 y. №23:08:40:01:04:0357", "yashash_maydoni": "213.72", "umumiy_yer_maydoni": "704", "qurilish_osti_maydoni": "149.81", "umumiy_foydali_maydoni": "213.72"}, "owner": {"fish": "RO'ZIYEV ODILJON OLIMJONOVICH", "jinsi": "erkak", "jshshir": "31107871040011", "pasport": "FA3070122", "telefon": "", "fish_inisiali": "O.O.RO'ZIYEV", "tugilgan_sana": "11.07.1987", "pasport_amal_qilish": "14.06.2031", "pasport_berilgan_joy": "BUXORO VILOYATI OLOT TUMANI IIB", "pasport_berilgan_sana": "15.06.2021"}, "types": ["avto"], "sugurta": {"summa": 0, "kompaniya": "", "summa_soz": ""}, "garov_egasi": "ishonchnoma", "ishonchnoma": {"notarius_fish": "TURAYEVA DURDONA XIKMATOVNA", "notarius_address": "BUXORO VILOYATI BUXORO SHAHRI BOG'ISHAMOL KO'CHASI 1/7-UY 1-XONA", "notarius_berilgan_sana": "07.04.2026", "notarius_reestr_raqami": "202602372001231"}}, "client_info": {"fish": "ALLAMURODOV MUHAMMAD YOQUB O'G'LI", "jinsi": "erkak", "manzil": "BUXORO VILOYATI KOGON TUMANI SORGUN MFY PARAKTI", "jshshir": "32405931010099", "pasport": "AD9213848", "telefon": "+998 93 137 50 56", "contacts": [{"telefon": "+998 91 247 01 98", "qarindoshlik": "uka"}, {"telefon": "+998 93 392 24 05", "qarindoshlik": "turmush_ortoq"}], "fish_inisiali": "M.Y.O.ALLAMURODOV", "tugilgan_sana": "24.05.1993", "pasport_amal_qilish": "30.10.2034", "pasport_berilgan_joy": "IIV 61013", "pasport_berilgan_sana": "31.10.2024"}, "loan_details": {"grafik_turi": "differensial", "kredit_turi": "mikrokredit", "oylik_tolov": "1 700 000", "tugash_sana": "07.04.2029", "grafik_matni": "", "foiz_stavkasi": 55, "kredit_muddati": 36, "kredit_summasi": "52 000 000", "shartnoma_sana": "07.04.2026", "boshlanish_sana": "07.04.2026", "oylik_tolov_soz": "bir million yetti yuz ming", "shartnoma_raqami": "323BR", "foiz_stavkasi_soz": "ELLIK BESH", "kredit_muddati_soz": "O'TTIZ OLTI", "kredit_summasi_soz": "ellik ikki million"}, "administrative": {"filial": "Buxoro", "filial_fish": "IKROMOV BAHODIR ABDURAXIMOVICH", "tashkilot_nomi": "«PULLOL BUSINESS MIKROMOLIYA TASHKILOTI» MChJ", "filial_fish_inisiali": "B.A.IKROMOV", "tashkilot_direktor_fish": "OBIDOV ABDULLOH SHOKIR OGLI", "tashkilot_direktor_fish_inisiali": "A.SH.OBIDOV"}}	2026-04-07 10:50:57.800658+00	2	new	2026-04-07 10:50:57.800687+00	2	Buxoro	IKROMOV BAHODIR ABDURAXIMOVICH
6	{"financial": {"ish_manzil": "Бухоро вилояти Когон тумани", "ish_lavozim": "Йўловчиларни енгил автотранспорт воситаларида ташиш № 0013114001", "aloqa_uy_tel": "", "daromad_jami": "13 000 000", "ish_muassasa": "O'Z O'ZINI BAND QILGAN FUQARO", "xarajat_jami": "1 800 000", "aloqa_ish_tel": "", "majburiyatlar": "", "daromad_asosiy": "13 000 000", "daromad_boshqa": 0, "xarajat_boshqa": 0, "aloqa_uyali_tel": "", "xarajat_oilaviy": 0, "daromad_jami_soz": "o'n uch million", "daromad_orindosh": 0, "xarajat_jami_soz": "bir million sakkiz yuz ming", "xarajat_kommunal": "1 800 000"}, "collateral": {"avto": {"yil": "2018", "nomi": "SPARK", "rang": "OQ BELAYA", "kuzov": "XWBMF48NEJA525204", "bahosi": "49 000 000", "manzil": "SAMARQAND SHAHAR YUGUNAKIY KOCHASI", "shassi": "RAKAMSIZ", "jshshir": "31002873680015", "dvigatel": "B15D212181062B8JX0417", "bahosi_soz": "qirq to'qqiz million", "kuzov_turi": "Sedan", "texpasport": "AAG2554881", "davlat_raqami": "80F845XA", "texpasport_sana": "10.10.2023"}, "mulk": {"nomi": "YAKKA TARTIBDAGI UY-JOY", "turi": "", "bahosi": 0, "manzili": "KALTAMINAR KO'CHASI 1B-UY", "bahosi_soz": "", "egasi_fish": "", "reestr_raqami": "", "kadastr_raqami": "01.04.2026 y. №23:08:40:01:04:0357", "yashash_maydoni": "213.72", "umumiy_yer_maydoni": "704", "qurilish_osti_maydoni": "149.81", "umumiy_foydali_maydoni": "213.72"}, "owner": {"fish": "RO'ZIYEV ODILJON OLIMJONOVICH", "jinsi": "erkak", "jshshir": "31107871040011", "pasport": "FA3070122", "telefon": "+998 93 137 50 56", "fish_inisiali": "O.O.RO'ZIYEV", "tugilgan_sana": "11.07.1987", "pasport_amal_qilish": "14.06.2031", "pasport_berilgan_joy": "BUXORO VILOYATI OLOT TUMANI IIB", "pasport_berilgan_sana": "15.06.2021"}, "types": ["avto", "sugurta"], "sugurta": {"summa": "17 000 000", "kompaniya": "АО СК \\"IMPEX INSURANCE\\"", "summa_soz": "o'n yetti million"}, "garov_egasi": "ishonchnoma", "ishonchnoma": {"notarius_fish": "TURAYEVA DURDONA XIKMATOVNA", "notarius_address": "BUXORO VILOYATI BUXORO SHAHRI BOG'ISHAMOL KO'CHASI 1/7 UY 1-XONA", "notarius_berilgan_sana": "07.04.2026", "notarius_reestr_raqami": "202602372001231"}}, "client_info": {"fish": "ALLAMURODOV MUHAMMAD YOQUB OGLI", "jinsi": "erkak", "manzil": "BUXORO VILOYATI KOGON TUMANI SORG'UN MFY PARAKATI QQ 22-UY", "jshshir": "32405931010099", "pasport": "AD9213848", "telefon": "+998 93 137 50 56", "contacts": [{"telefon": "+998 91 247 01 98", "qarindoshlik": "uka"}, {"telefon": "+998 93 392 24 05", "qarindoshlik": "turmush_ortoq"}], "fish_inisiali": "M.Y.ALLAMURODOV", "tugilgan_sana": "24.05.1993", "pasport_amal_qilish": "30.10.2034", "pasport_berilgan_joy": "IIV 61013", "pasport_berilgan_sana": "31.10.2024"}, "loan_details": {"grafik_turi": "differensial", "kredit_turi": "mikroqarz", "oylik_tolov": "3 806 013", "tugash_sana": "07.04.2029", "grafik_matni": "№\\tTo'lov muddati\\t Asosiy qarz qoldig'i  \\tTo'lov miqdori, so'm\\t\\t\\n\\t\\t\\t asosiy qarz\\tfoizlar\\tjami*\\n1\\t05.05.2026\\t 52 000 000,00 \\t 1 444 444,44 \\t 2 193 972,48 \\t 3 638 416,92 \\n2\\t05.06.2026\\t 50 555 555,56 \\t 1 444 444,44 \\t 2 361 567,60 \\t 3 806 012,04 \\n3\\t06.07.2026\\t 49 111 111,12 \\t 1 444 444,44 \\t 2 294 094,24 \\t 3 738 538,68 \\n4\\t05.08.2026\\t 47 666 666,68 \\t 1 444 444,44 \\t 2 154 794,40 \\t 3 599 238,84 \\n5\\t07.09.2026\\t 46 222 222,24 \\t 1 444 444,44 \\t 2 298 447,36 \\t 3 742 891,80 \\n6\\t05.10.2026\\t 44 777 777,80 \\t 1 444 444,44 \\t 1 889 254,08 \\t 3 333 698,52 \\n7\\t05.11.2026\\t 43 333 333,36 \\t 1 444 444,44 \\t 2 024 200,80 \\t 3 468 645,24 \\n8\\t07.12.2026\\t 41 888 888,92 \\t 1 444 444,44 \\t 2 019 847,68 \\t 3 464 292,12 \\n9\\t05.01.2027\\t 40 444 444,48 \\t 1 444 444,44 \\t 1 767 366,72 \\t 3 211 811,16 \\n10\\t05.02.2027\\t 39 000 000,04 \\t 1 444 444,44 \\t 1 821 780,72 \\t 3 266 225,16 \\n11\\t05.03.2027\\t 37 555 555,60 \\t 1 444 444,44 \\t 1 584 535,68 \\t 3 028 980,12 \\n12\\t05.04.2027\\t 36 111 111,16 \\t 1 444 444,44 \\t 1 686 834,00 \\t 3 131 278,44 \\n13\\t05.05.2027\\t 34 666 666,72 \\t 1 444 444,44 \\t 1 567 123,20 \\t 3 011 567,64 \\n14\\t07.06.2027\\t 33 222 222,28 \\t 1 444 444,44 \\t 1 652 009,04 \\t 3 096 453,48 \\n15\\t05.07.2027\\t 31 777 777,84 \\t 1 444 444,44 \\t 1 340 760,96 \\t 2 785 205,40 \\n16\\t05.08.2027\\t 30 333 333,40 \\t 1 444 444,44 \\t 1 416 940,56 \\t 2 861 385,00 \\n17\\t06.09.2027\\t 28 888 888,96 \\t 1 444 444,44 \\t 1 392 998,40 \\t 2 837 442,84 \\n18\\t05.10.2027\\t 27 444 444,52 \\t 1 444 444,44 \\t 1 199 284,56 \\t 2 643 729,00 \\n19\\t05.11.2027\\t 26 000 000,08 \\t 1 444 444,44 \\t 1 214 520,48 \\t 2 658 964,92 \\n20\\t06.12.2027\\t 24 555 555,64 \\t 1 444 444,44 \\t 1 147 047,12 \\t 2 591 491,56 \\n21\\t05.01.2028\\t 23 111 111,20 \\t 1 444 444,44 \\t 1 041 894,30 \\t 2 486 338,74 \\n22\\t07.02.2028\\t 21 666 666,76 \\t 1 444 444,44 \\t 1 074 453,60 \\t 2 518 898,04 \\n23\\t06.03.2028\\t 20 222 222,32 \\t 1 444 444,44 \\t 850 880,52 \\t 2 295 324,96 \\n24\\t05.04.2028\\t 18 777 777,88 \\t 1 444 444,44 \\t 846 539,10 \\t 2 290 983,54 \\n25\\t05.05.2028\\t 17 333 333,44 \\t 1 444 444,44 \\t 781 420,80 \\t 2 225 865,24 \\n26\\t05.06.2028\\t 15 888 889,00 \\t 1 444 444,44 \\t 740 179,25 \\t 2 184 623,69 \\n27\\t05.07.2028\\t 14 444 444,56 \\t 1 444 444,44 \\t 651 183,90 \\t 2 095 628,34 \\n28\\t07.08.2028\\t 13 000 000,12 \\t 1 444 444,44 \\t 644 672,16 \\t 2 089 116,60 \\n29\\t05.09.2028\\t 11 555 555,68 \\t 1 444 444,44 \\t 503 582,39 \\t 1 948 026,83 \\n30\\t05.10.2028\\t 10 111 111,24 \\t 1 444 444,44 \\t 455 828,70 \\t 1 900 273,14 \\n31\\t06.11.2028\\t 8 666 666,80 \\t 1 444 444,44 \\t 416 757,76 \\t 1 861 202,20 \\n32\\t05.12.2028\\t 7 222 222,36 \\t 1 444 444,44 \\t 314 739,03 \\t 1 759 183,47 \\n33\\t05.01.2029\\t 5 777 777,92 \\t 1 444 444,44 \\t 269 893,44 \\t 1 714 337,88 \\n34\\t05.02.2029\\t 4 333 333,48 \\t 1 444 444,44 \\t 202 420,08 \\t 1 646 864,52 \\n35\\t05.03.2029\\t 2 888 889,04 \\t 1 444 444,44 \\t 121 887,36 \\t 1 566 331,80 \\n36\\t07.04.2029\\t 1 444 444,60 \\t 1 444 444,60 \\t 71 826,48 \\t 1 516 271,08 \\n\\tJAMI\\t\\t 52 000 000,00 \\t 44 015 538,95 \\t 96 015 538,95 \\n", "foiz_stavkasi": 55, "kredit_muddati": 36, "kredit_summasi": "52 000 000", "shartnoma_sana": "07.04.2026", "boshlanish_sana": "07.04.2026", "oylik_tolov_soz": "uch million sakkiz yuz olti ming o'n uch", "shartnoma_raqami": "323BR", "foiz_stavkasi_soz": "ellik besh ", "kredit_muddati_soz": "o'ttiz olti", "kredit_summasi_soz": "ellik ikki million"}, "administrative": {"filial": "Buxoro", "filial_fish": "IKROMOV BAHODIR ABDURAXIMOVICH", "tashkilot_nomi": "«PULLOL BUSINESS MIKROMOLIYA TASHKILOTI» MChJ", "filial_fish_inisiali": "B.A.IKROMOV", "tashkilot_direktor_fish": "OBIDOV ABDULLOH SHOKIR OGLI", "tashkilot_direktor_fish_inisiali": "A.SH.OBIDOV"}}	2026-04-07 11:35:42.543497+00	2	new	2026-04-07 11:35:42.543539+00	2	Buxoro	IKROMOV BAHODIR ABDURAXIMOVICH
7	{"financial": {"ish_manzil": "Beruniy ko'chasi 1B-uy", "ish_lavozim": "Operator", "aloqa_uy_tel": "+998 93 707-26-32", "daromad_jami": "20 000 000", "ish_muassasa": "TOSHKENT SHAHAR ICHKI ISHLAR BOSHQARMASI", "xarajat_jami": "680 000", "aloqa_ish_tel": "+998 93 707-26-32", "majburiyatlar": "", "daromad_asosiy": "15 000 000", "daromad_boshqa": "3 500 000", "xarajat_boshqa": 0, "aloqa_uyali_tel": "+998 93 707-26-32", "xarajat_oilaviy": 0, "daromad_jami_soz": "yigirma million", "daromad_orindosh": "1 500 000", "xarajat_jami_soz": "olti yuz sakson ming", "xarajat_kommunal": "680 000"}, "collateral": {"avto": {"yil": 2022, "nomi": "CHEVROLET COBALT", "rang": "Oq", "kuzov": "XWBJA69VERA108471", "bahosi": 125000000, "manzil": "SAMARQAND SHAHAR YUGUNAKIY KOCHASI", "shassi": "RAQAMSIZ", "jshshir": "31002873680015", "dvigatel": "B15D213241352MTAX0118", "bahosi_soz": "", "kuzov_turi": "SEDAN", "texpasport": "AAF123456789", "davlat_raqami": "01A123AA", "texpasport_sana": "02.02.2022"}, "mulk": {"nomi": "YAKKA TARTIBDAGI UY-JOY", "turi": "hovli", "bahosi": "105 000 000", "manzili": "KALTAMINAR KO'CHASI 1B-UY", "bahosi_soz": "bir yuz besh million", "egasi_fish": "", "reestr_raqami": "27.11.2019 1735233/R-A623233", "kadastr_raqami": "№ 23:08:08:01:01:1376:0002", "yashash_maydoni": "213.72", "umumiy_yer_maydoni": "704", "qurilish_osti_maydoni": "149.81", "umumiy_foydali_maydoni": "213.72"}, "owner": {"fish": "ANNAZAROV KAXRAMAN SADULLAYEVICH", "jinsi": "erkak", "jshshir": "33001733420046", "pasport": "AD2849628", "telefon": "+998 93 707 26 32", "fish_inisiali": "K.S.ANNAZAROV", "tugilgan_sana": "30.01.1973", "pasport_amal_qilish": "22.03.2033", "pasport_berilgan_joy": "35233 TOMONIDAN", "pasport_berilgan_sana": "23.03.2023"}, "types": ["mulk"], "sugurta": {"summa": 0, "kompaniya": "", "summa_soz": ""}, "garov_egasi": "self", "ishonchnoma": {"notarius_fish": "", "notarius_address": "", "notarius_berilgan_sana": "", "notarius_reestr_raqami": ""}}, "client_info": {"fish": "ANNAZAROV KAXRAMAN SADULLAYEVICH", "jinsi": "erkak", "manzil": "TO'RTKO'L TUMANI KALTAMINOR KO'CHASI 1B UY", "jshshir": "33001733420046", "pasport": "AD2849628", "telefon": "+998 93 707 26 32", "contacts": [{"telefon": "+998 93 707 26 32", "qarindoshlik": "turmush_ortoq"}, {"telefon": "+998 93 707 26 32", "qarindoshlik": "uka"}], "fish_inisiali": "K.S.ANNAZAROV", "tugilgan_sana": "30.01.1973", "pasport_amal_qilish": "22.03.2033", "pasport_berilgan_joy": "35233 TOMONIDAN", "pasport_berilgan_sana": "23.03.2023"}, "loan_details": {"grafik_turi": "annuitet", "kredit_turi": "mikroqarz", "oylik_tolov": "5 724 000", "tugash_sana": "03.04.2027", "grafik_matni": "\\t\\t\\t\\t\\t\\n\\t\\t\\t\\t\\t\\n\\t\\t\\t\\t\\"18 mart 2026 y.dan №754-TRS \\nmikroqarz shartnomasiga \\n1 sonli ilova\\"\\t\\n\\t\\t\\t\\t\\t\\nTo'lov jadvali\\t\\t\\t\\t\\t\\n\\t\\t\\t\\t\\t\\n№\\tTo'lov muddati\\t Asosiy qarz qoldig'i  \\tTo'lov miqdori, so'm\\t\\t\\n\\t\\t\\t asosiy qarz\\tfoizlar\\tjami*\\n1\\t10.04.2026\\t 100 000 000,00 \\t 2 258 246,61 \\t 3 465 753,39 \\t 5 724 000,00 \\n2\\t11.05.2026\\t 97 741 753,39 \\t 1 158 255,21 \\t 4 565 744,79 \\t 5 724 000,00 \\n3\\t10.06.2026\\t 96 583 498,18 \\t 1 357 896,60 \\t 4 366 103,40 \\t 5 724 000,00 \\n4\\t10.07.2026\\t 95 225 601,58 \\t 1 419 281,10 \\t 4 304 718,90 \\t 5 724 000,00 \\n5\\t10.08.2026\\t 93 806 320,48 \\t 1 342 088,31 \\t 4 381 911,69 \\t 5 724 000,00 \\n6\\t10.09.2026\\t 92 464 232,17 \\t 1 404 780,54 \\t 4 319 219,46 \\t 5 724 000,00 \\n7\\t12.10.2026\\t 91 059 451,63 \\t 1 333 188,16 \\t 4 390 811,84 \\t 5 724 000,00 \\n8\\t10.11.2026\\t 89 726 263,47 \\t 1 803 085,16 \\t 3 920 914,84 \\t 5 724 000,00 \\n9\\t10.12.2026\\t 87 923 178,31 \\t 1 749 390,60 \\t 3 974 609,40 \\t 5 724 000,00 \\n10\\t11.01.2027\\t 86 173 787,71 \\t 1 568 770,88 \\t 4 155 229,12 \\t 5 724 000,00 \\n11\\t10.02.2027\\t 84 605 016,83 \\t 1 899 389,70 \\t 3 824 610,30 \\t 5 724 000,00 \\n12\\t10.03.2027\\t 82 705 627,13 \\t 2 234 502,24 \\t 3 489 497,76 \\t 5 724 000,00 \\n13\\t12.04.2027\\t 80 471 124,89 \\t 1 722 490,62 \\t 4 001 509,38 \\t 5 724 000,00 \\n14\\t10.05.2027\\t 78 748 634,27 \\t 2 401 454,76 \\t 3 322 545,24 \\t 5 724 000,00 \\n15\\t10.06.2027\\t 76 347 179,51 \\t 2 157 645,30 \\t 3 566 354,70 \\t 5 724 000,00 \\n16\\t12.07.2027\\t 74 189 534,21 \\t 2 146 641,60 \\t 3 577 358,40 \\t 5 724 000,00 \\n17\\t10.08.2027\\t 72 042 892,61 \\t 2 575 824,38 \\t 3 148 175,62 \\t 5 724 000,00 \\n18\\t10.09.2027\\t 69 467 068,23 \\t 2 479 031,60 \\t 3 244 968,40 \\t 5 724 000,00 \\n19\\t11.10.2027\\t 66 988 036,63 \\t 2 594 832,72 \\t 3 129 167,28 \\t 5 724 000,00 \\n20\\t10.11.2027\\t 64 393 203,91 \\t 2 813 074,20 \\t 2 910 925,80 \\t 5 724 000,00 \\n21\\t10.12.2027\\t 61 580 129,71 \\t 2 940 240,60 \\t 2 783 759,40 \\t 5 724 000,00 \\n22\\t10.01.2028\\t 58 639 889,11 \\t 2 992 278,45 \\t 2 731 721,55 \\t 5 724 000,00 \\n23\\t10.02.2028\\t 55 647 610,66 \\t 3 131 672,74 \\t 2 592 327,26 \\t 5 724 000,00 \\n24\\t10.03.2028\\t 52 515 937,92 \\t 3 435 395,69 \\t 2 288 604,31 \\t 5 724 000,00 \\n25\\t10.04.2028\\t 49 080 542,23 \\t 3 437 597,79 \\t 2 286 402,21 \\t 5 724 000,00 \\n26\\t10.05.2028\\t 45 642 944,44 \\t 3 666 326,40 \\t 2 057 673,60 \\t 5 724 000,00 \\n27\\t12.06.2028\\t 41 976 618,04 \\t 3 642 372,54 \\t 2 081 627,46 \\t 5 724 000,00 \\n28\\t10.07.2028\\t 38 334 245,50 \\t 4 111 028,92 \\t 1 612 971,08 \\t 5 724 000,00 \\n29\\t10.08.2028\\t 34 223 216,58 \\t 4 129 721,77 \\t 1 594 278,23 \\t 5 724 000,00 \\n30\\t11.09.2028\\t 30 093 494,81 \\t 4 276 881,28 \\t 1 447 118,72 \\t 5 724 000,00 \\n31\\t10.10.2028\\t 25 816 613,53 \\t 4 598 931,66 \\t 1 125 068,34 \\t 5 724 000,00 \\n32\\t10.11.2028\\t 21 217 681,87 \\t 4 735 580,81 \\t 988 419,19 \\t 5 724 000,00 \\n33\\t11.12.2028\\t 16 482 101,06 \\t 4 956 186,42 \\t 767 813,58 \\t 5 724 000,00 \\n34\\t10.01.2029\\t 11 525 914,64 \\t 5 202 965,40 \\t 521 034,60 \\t 5 724 000,00 \\n35\\t12.02.2029\\t 6 322 949,24 \\t 5 409 584,91 \\t 314 415,09 \\t 5 724 000,00 \\n36\\t18.03.2029\\t 913 364,33 \\t 913 364,33 \\t 46 794,20 \\t 960 158,53 \\n\\tJAMI\\t\\t 100 000 000,00 \\t 101 300 158,53 \\t 201 300 158,53 \\n\\t\\t\\t\\t\\t\\n*Mikroqarz bo‘yicha to‘lovlar to‘lov jadvalida ko‘rsatilmagan sanalarda to‘langan taqdirda, to‘lov summasi mikroqarz shartnomasining 2.2.-bandiga muvofiq mikroqarz qoldig‘iga hisoblangan foizlar summasiga o‘zgartiriladi.\\t\\t\\t\\t\\t\\n\\t\\t\\t\\t\\t\\n«Mikromoliya tashkiloti »\\t\\t\\t«Qarz oluvchi»\\t\\t\\n\\t\\t\\t\\t\\t\\n«CLEVER MIKROMOLIYA TASHKILOTI» MChJ\\t\\t\\tREYIMBAYEV IKRAMJAN ALIMBAYEVICH\\t\\t\\nManzil: Toshkent shahri, Olmazor tumani, Sagbon ko'chasi, 30 berk, 6-uy\\t\\t\\tManzil: QORAQALPOG'ISTON RESPUBLIKASI TO'RTKO'L TUMANI ULLUBOG' OFY 1-BO'LIM\\t\\t\\nh/r: №20216000105068380006\\t\\t\\tPasport: KA 0907912, QORAQALPOG'ISTON RESPUBLIKASI TO'RTKO'L TUMANI IIB tomonidan 13.12.2016 yilda berilgan\\t\\t\\nMFO: №01183 в Toshkent sh., \\"ANOR BANK\\"\\t\\t\\t\\t\\t\\nSTIR: 306365847\\t\\t\\tTel: 91-265-88-45  MIJOZ\\t\\t\\nTel: (78) 113 31 33\\t\\t\\t91-259-46-46 UKASI\\t\\t\\n\\t\\t\\t93-259-46-46 ONASI UY EGASI\\t\\t\\n\\t\\t\\t\\t\\t\\nIjrochi direktori\\t\\t\\tREYIMBAYEV I A     __________________\\t\\t\\nIsmoilov B.A.\\t\\t\\t\\t\\t\\n\\t\\t\\t\\t\\t\\n\\t\\t\\t\\t\\t\\n\\t\\t\\t\\t\\t\\n\\t\\t\\t\\t\\t\\n", "foiz_stavkasi": "55", "kredit_muddati": "36", "kredit_summasi": "100 000 000", "shartnoma_sana": "03.04.2026", "boshlanish_sana": "03.04.2026", "oylik_tolov_soz": "besh million yetti yuz yigirma to'rt ming", "shartnoma_raqami": "№310-TR", "foiz_stavkasi_soz": "ellik besh", "kredit_muddati_soz": "o'ttiz olti", "kredit_summasi_soz": "bir yuz million"}, "administrative": {"filial": "To'rtko'l", "filial_fish": "DJUMANAZAROV BOBUR ANVAR O'G'LI", "tashkilot_nomi": "«PULLOL BUSINESS MIKROMOLIYA TASHKILOTI» MChJ", "filial_fish_inisiali": "B.A.DJUMANAZAROV", "tashkilot_direktor_fish": "MOMINOV BOTIR XASAN O'G'LI", "tashkilot_direktor_fish_inisiali": "B.X.MOMINOV"}}	2026-04-07 13:54:36.021892+00	5	approved	2026-04-07 13:59:38.828587+00	1	To'rtko'l	DJUMANAZAROV BOBUR ANVAR O'G'LI
8	{"financial": {"ish_manzil": "TO'RTKO'L TUMANI YOSHLIK MFY", "ish_lavozim": "RAXBAR", "aloqa_uy_tel": "+998 94 397-77-77", "daromad_jami": "17 000 000", "ish_muassasa": "TO'RTKO'L KUNJUTI MJCH", "xarajat_jami": "1 700 000", "aloqa_ish_tel": "+998 94 147-77-77", "majburiyatlar": "", "daromad_asosiy": "10 000 000", "daromad_boshqa": "3 500 000", "xarajat_boshqa": 0, "aloqa_uyali_tel": "+998 91 371-50-05", "xarajat_oilaviy": "1 070 000", "daromad_jami_soz": "o'n yetti million", "daromad_orindosh": "3 500 000", "xarajat_jami_soz": "bir million yetti yuz ming", "xarajat_kommunal": "630 000"}, "collateral": {"avto": {"yil": "2012", "nomi": "CAPTIVA", "rang": "CHERNIY", "kuzov": "KL1FC6C57CB076276", "bahosi": "70 000 000", "manzil": "", "shassi": "RAKAMSIZ", "jshshir": "", "dvigatel": "121360018", "bahosi_soz": "yetmish million", "kuzov_turi": "Yo'ltanlamas", "texpasport": "AG7232930", "davlat_raqami": "01E204OA", "texpasport_sana": "04.10.2025"}, "mulk": {"nomi": "", "turi": "", "bahosi": 0, "manzili": "", "bahosi_soz": "", "egasi_fish": "", "reestr_raqami": "", "kadastr_raqami": "", "yashash_maydoni": "", "umumiy_yer_maydoni": "", "qurilish_osti_maydoni": "", "umumiy_foydali_maydoni": ""}, "owner": {"fish": "RAXMETOV SERIKBAY XALBAYEVICH", "jinsi": "erkak", "jshshir": "31812690222703", "pasport": "AD6106240", "telefon": "+998 94 147 77 77", "fish_inisiali": "S.X.RAXMETOV", "tugilgan_sana": "18.12.1969", "pasport_amal_qilish": "11.02.2034", "pasport_berilgan_joy": "IIV 35233 TOMONIDAN", "pasport_berilgan_sana": "12.02.2024"}, "types": ["avto", "sugurta"], "sugurta": {"summa": "10 000 000", "kompaniya": "АО СК \\"IMPEX INSURANCE\\"", "summa_soz": "o'n million"}, "garov_egasi": "other", "ishonchnoma": {"notarius_fish": "", "notarius_address": "", "notarius_berilgan_sana": "", "notarius_reestr_raqami": ""}}, "client_info": {"fish": "AKPULATOVA KAMILA ABDULLAYEVNA", "jinsi": "ayol", "manzil": "QORAQALPOG'ISTON RESPUBLIKASI ELLIKQAL'A TUMANI AMIROBOD OFY", "jshshir": "43105743360019", "pasport": "AD3553020", "telefon": "+998 94 147 77 77", "contacts": [{"telefon": "+998 94 147 77 77", "qarindoshlik": "turmush_ortoq"}, {"telefon": "+998 94 397 77 77", "qarindoshlik": "uka"}], "fish_inisiali": "K.A.AKPULATOVA", "tugilgan_sana": "31.05.1974", "pasport_amal_qilish": "05.06.2033", "pasport_berilgan_joy": "IIV 35233 TOMONIDAN", "pasport_berilgan_sana": "06.06.2023"}, "loan_details": {"grafik_turi": "annuitet", "kredit_turi": "mikroqarz", "oylik_tolov": "4 174 000", "tugash_sana": "09.04.2028", "grafik_matni": "\\t\\t\\t\\t\\t\\n\\t\\t\\t\\t\\t\\n\\t\\t\\t\\t\\"9 aprel 2026 y.dan № 329-TR \\nmikroqarz shartnomasiga \\n1 sonli ilova\\"\\t\\n\\t\\t\\t\\t\\t\\nTo'lov jadvali\\t\\t\\t\\t\\t\\n\\t\\t\\t\\t\\t\\n№\\tTo'lov muddati\\t Asosiy qarz qoldig'i  \\tTo'lov miqdori, so'm\\t\\t\\n\\t\\t\\t asosiy qarz\\tfoizlar\\tjami*\\n1\\t15.05.2026\\t 60 000 000,00 \\t 919 205,44 \\t 3 254 794,56 \\t 4 174 000,00 \\n2\\t15.06.2026\\t 59 080 794,56 \\t 1 414 198,65 \\t 2 759 801,35 \\t 4 174 000,00 \\n3\\t15.07.2026\\t 57 666 595,91 \\t 1 567 153,90 \\t 2 606 846,10 \\t 4 174 000,00 \\n4\\t17.08.2026\\t 56 099 442,01 \\t 1 384 397,47 \\t 2 789 602,53 \\t 4 174 000,00 \\n5\\t15.09.2026\\t 54 715 044,54 \\t 1 783 027,43 \\t 2 390 972,57 \\t 4 174 000,00 \\n6\\t15.10.2026\\t 52 932 017,11 \\t 1 781 182,90 \\t 2 392 817,10 \\t 4 174 000,00 \\n7\\t16.11.2026\\t 51 150 834,21 \\t 1 707 548,80 \\t 2 466 451,20 \\t 4 174 000,00 \\n8\\t15.12.2026\\t 49 443 285,41 \\t 2 013 396,18 \\t 2 160 603,82 \\t 4 174 000,00 \\n9\\t15.01.2027\\t 47 429 889,23 \\t 1 958 439,30 \\t 2 215 560,70 \\t 4 174 000,00 \\n10\\t15.02.2027\\t 45 471 449,93 \\t 2 049 922,78 \\t 2 124 077,22 \\t 4 174 000,00 \\n11\\t15.03.2027\\t 43 421 527,15 \\t 2 341 968,40 \\t 1 832 031,60 \\t 4 174 000,00 \\n12\\t15.04.2027\\t 41 079 558,75 \\t 2 255 078,30 \\t 1 918 921,70 \\t 4 174 000,00 \\n13\\t17.05.2027\\t 38 824 480,45 \\t 2 301 915,52 \\t 1 872 084,48 \\t 4 174 000,00 \\n14\\t15.06.2027\\t 36 522 564,93 \\t 2 578 014,00 \\t 1 595 986,00 \\t 4 174 000,00 \\n15\\t15.07.2027\\t 33 944 550,93 \\t 2 639 520,40 \\t 1 534 479,60 \\t 4 174 000,00 \\n16\\t16.08.2027\\t 31 305 030,53 \\t 2 664 497,28 \\t 1 509 502,72 \\t 4 174 000,00 \\n17\\t15.09.2027\\t 28 640 533,25 \\t 2 879 290,90 \\t 1 294 709,10 \\t 4 174 000,00 \\n18\\t15.10.2027\\t 25 761 242,35 \\t 3 009 450,70 \\t 1 164 549,30 \\t 4 174 000,00 \\n19\\t15.11.2027\\t 22 751 791,65 \\t 3 111 210,88 \\t 1 062 789,12 \\t 4 174 000,00 \\n20\\t15.12.2027\\t 19 640 580,77 \\t 3 286 138,00 \\t 887 862,00 \\t 4 174 000,00 \\n21\\t17.01.2028\\t 16 354 442,77 \\t 3 362 980,45 \\t 811 019,55 \\t 4 174 000,00 \\n22\\t15.02.2028\\t 12 991 462,32 \\t 3 607 841,99 \\t 566 158,01 \\t 4 174 000,00 \\n23\\t15.03.2028\\t 9 383 620,33 \\t 3 765 068,97 \\t 408 931,03 \\t 4 174 000,00 \\n24\\t09.04.2028\\t 5 618 551,36 \\t 5 618 551,36 \\t 211 079,50 \\t 5 829 630,86 \\n\\tJAMI\\t\\t 60 000 000,00 \\t 41 831 630,86 \\t 101 831 630,86 \\n\\t\\t\\t\\t\\t\\n*Mikroqarz bo‘yicha to‘lovlar to‘lov jadvalida ko‘rsatilmagan sanalarda to‘langan taqdirda, to‘lov summasi mikroqarz shartnomasining 2.2.-bandiga muvofiq mikroqarz qoldig‘iga hisoblangan foizlar summasiga o‘zgartiriladi.\\t\\t\\t\\t\\t\\n\\t\\t\\t\\t\\t\\n«Mikromoliya tashkiloti »\\t\\t\\t«Qarz oluvchi»\\t\\t\\n\\t\\t\\t\\t\\t\\n«PULLOL BUSINESS MIKROMOLIYA TASHKILOTI»  MChJ\\t\\t\\tAKPULATOVA KAMILA ABDULLAYEVNA\\t\\t\\nManzil: Toshkent shahri, Yakkasaroy tumani, Rakat ko'chasi, 10 uy, 18 xonadon\\t\\t\\tManzil: QORAQALPOG'ISTON RESPUBLIKASI ELLIKQAL'A TUMANI AMIROBOD OFY\\t\\t\\nh/r: №20208000405643889001\\t\\t\\tPasport: AD 3553020, IIV 35210 tomonidan 06.06.2023 yilda berilgan\\t\\t\\nMFO: №01088 в ATB “Kapitalbank” Markaziy amaliyotlar bo'limi\\t\\t\\t\\t\\t\\nSTIR: 310430149\\t\\t\\tTel: 94 147 77 77 MIJOZ\\t\\t\\nTel: 555 100 216\\t\\t\\t94 397 77 77 ERI\\t\\t\\nTel: (97) 714 14 17\\t\\t\\t91 371 50 05 UKASI\\t\\t\\nTel: (97) 706 96 65\\t\\t\\t\\t\\t\\nTo'rtko'l filiali boshlig’i\\t\\t\\tAKPULATOVA K.A.     __________________\\t\\t\\nDjumanazarov B.A.\\t\\t\\t\\t\\t\\n", "foiz_stavkasi": "55", "kredit_muddati": "24", "kredit_summasi": "60 000 000", "shartnoma_sana": "09.04.2026", "boshlanish_sana": "09.04.2026", "oylik_tolov_soz": "to'rt million bir yuz yetmish to'rt ming", "shartnoma_raqami": "329TR", "foiz_stavkasi_soz": "ellik besh", "kredit_muddati_soz": "yigirma to'rt", "kredit_summasi_soz": "oltmish million"}, "administrative": {"filial": "To'rtko'l", "filial_fish": "DJUMANAZAROV BOBUR ANVAR O'G'LI", "tashkilot_nomi": "«PULLOL BUSINESS MIKROMOLIYA TASHKILOTI» MChJ", "filial_fish_inisiali": "B.A.DJUMANAZAROV", "tashkilot_direktor_fish": "MOMINOV BOTIR XASAN O'G'LI", "tashkilot_direktor_fish_inisiali": "B.X.MOMINOV"}}	2026-04-09 06:19:23.544755+00	5	new	2026-04-09 06:19:23.544783+00	5	To'rtko'l	DJUMANAZAROV BOBUR ANVAR O'G'LI
9	{"financial": {"ish_manzil": "", "ish_lavozim": "", "aloqa_uy_tel": "", "daromad_jami": "12 000 000", "ish_muassasa": "", "xarajat_jami": "1 800 000", "aloqa_ish_tel": "", "majburiyatlar": "", "daromad_asosiy": "8 000 000", "daromad_boshqa": 0, "xarajat_boshqa": "600 000", "aloqa_uyali_tel": "", "xarajat_oilaviy": "500 000", "daromad_jami_soz": "o'n ikki million", "daromad_orindosh": "4 000 000", "xarajat_jami_soz": "bir million sakkiz yuz ming", "xarajat_kommunal": "700 000"}, "collateral": {"avto": {"yil": "2015", "nomi": "CHEVROLET SPARK", "rang": "OQ OLIMPIYSKAYA BELAYA", "kuzov": "XWBMA481JFA589663", "bahosi": "42 000 000", "manzil": "", "shassi": "RAKAMSIZ", "jshshir": "", "dvigatel": "B10D1357149KD3", "bahosi_soz": "qirq ikki million", "kuzov_turi": "Xetchbek", "texpasport": "AAG0167254", "davlat_raqami": "10W132ZA", "texpasport_sana": "03.10.2022"}, "mulk": {"nomi": "", "turi": "", "bahosi": 0, "manzili": "", "bahosi_soz": "", "egasi_fish": "", "reestr_raqami": "", "kadastr_raqami": "", "yashash_maydoni": "", "umumiy_yer_maydoni": "", "qurilish_osti_maydoni": "", "umumiy_foydali_maydoni": ""}, "owner": {"fish": "UMEDOVA LAYLO OYBEK QIZI", "jinsi": "ayol", "jshshir": "41504950470012", "pasport": "AD1223684", "telefon": "+998 90 414 01 11", "fish_inisiali": "L.O.UMEDOVA", "tugilgan_sana": "15.04.1995", "pasport_amal_qilish": "03.04.2032", "pasport_berilgan_joy": "TOSHKENT VILOYATI CHIRCHIQ SHAHAR IIB", "pasport_berilgan_sana": "04.04.2022"}, "types": ["avto"], "sugurta": {"summa": 0, "kompaniya": "", "summa_soz": ""}, "garov_egasi": "ishonchnoma", "ishonchnoma": {"notarius_fish": "SHARIPOV ZAFAR JO'RABOYEVICH", "notarius_address": "BUXORO VILOYATI BUXORO SHAHRI ASHXOBOD KO'CHASI 1/3 ", "notarius_berilgan_sana": "14.04.2026", "notarius_reestr_raqami": "202602386003213"}}, "client_info": {"fish": "BOTIROVA AZIZA XAMIDOVNA", "jinsi": "ayol", "manzil": "BUXORO VILOYATI KOGON TUMANI ISTIQBOL MFY QUYI QATONG'I KO'CHASI", "jshshir": "41104915300015", "pasport": "AB4741413", "telefon": "+998 90 414 01 11", "contacts": [{"telefon": "+998 91 080 27 87", "qarindoshlik": "turmush_ortoq"}, {"telefon": "+998 91 840 01 92", "qarindoshlik": "farzand"}], "fish_inisiali": "A.X.BOTIROVA", "tugilgan_sana": "11.04.1991", "pasport_amal_qilish": "16.08.2026", "pasport_berilgan_joy": "BUXORO VILOYATI KOGON TUMANI IIB", "pasport_berilgan_sana": "17.08.2016"}, "loan_details": {"grafik_turi": "differensial", "kredit_turi": "mikroqarz", "oylik_tolov": "2 979 000", "tugash_sana": "14.04.2029", "grafik_matni": "№\\tTo'lov muddati\\t Asosiy qarz qoldig'i  \\tTo'lov miqdori, so'm\\t\\t\\n\\t\\t\\t asosiy qarz\\tfoizlar\\tjami*\\n1\\t15.05.2026\\t 40 000 000,00 \\t 1 111 111,11 \\t 1 868 493,07 \\t 2 979 604,18 \\n2\\t15.06.2026\\t 38 888 888,89 \\t 1 111 111,11 \\t 1 816 590,70 \\t 2 927 701,81 \\n3\\t15.07.2026\\t 37 777 777,78 \\t 1 111 111,11 \\t 1 707 762,60 \\t 2 818 873,71 \\n4\\t17.08.2026\\t 36 666 666,67 \\t 1 111 111,11 \\t 1 823 287,62 \\t 2 934 398,73 \\n5\\t15.09.2026\\t 35 555 555,56 \\t 1 111 111,11 \\t 1 553 728,94 \\t 2 664 840,05 \\n6\\t15.10.2026\\t 34 444 444,45 \\t 1 111 111,11 \\t 1 557 077,70 \\t 2 668 188,81 \\n7\\t16.11.2026\\t 33 333 333,34 \\t 1 111 111,11 \\t 1 607 305,92 \\t 2 718 417,03 \\n8\\t15.12.2026\\t 32 222 222,23 \\t 1 111 111,11 \\t 1 408 066,87 \\t 2 519 177,98 \\n9\\t15.01.2027\\t 31 111 111,12 \\t 1 111 111,11 \\t 1 453 272,56 \\t 2 564 383,67 \\n10\\t15.02.2027\\t 30 000 000,01 \\t 1 111 111,11 \\t 1 401 369,88 \\t 2 512 480,99 \\n11\\t15.03.2027\\t 28 888 888,90 \\t 1 111 111,11 \\t 1 218 873,60 \\t 2 329 984,71 \\n12\\t15.04.2027\\t 27 777 777,79 \\t 1 111 111,11 \\t 1 297 564,83 \\t 2 408 675,94 \\n13\\t17.05.2027\\t 26 666 666,68 \\t 1 111 111,11 \\t 1 285 844,80 \\t 2 396 955,91 \\n14\\t15.06.2027\\t 25 555 555,57 \\t 1 111 111,11 \\t 1 116 742,73 \\t 2 227 853,84 \\n15\\t15.07.2027\\t 24 444 444,46 \\t 1 111 111,11 \\t 1 105 022,70 \\t 2 216 133,81 \\n16\\t16.08.2027\\t 23 333 333,35 \\t 1 111 111,11 \\t 1 125 114,24 \\t 2 236 225,35 \\n17\\t15.09.2027\\t 22 222 222,24 \\t 1 111 111,11 \\t 1 004 566,20 \\t 2 115 677,31 \\n18\\t15.10.2027\\t 21 111 111,13 \\t 1 111 111,11 \\t 954 337,80 \\t 2 065 448,91 \\n19\\t15.11.2027\\t 20 000 000,02 \\t 1 111 111,11 \\t 934 246,69 \\t 2 045 357,80 \\n20\\t15.12.2027\\t 18 888 888,91 \\t 1 111 111,11 \\t 853 881,30 \\t 1 964 992,41 \\n21\\t17.01.2028\\t 17 777 777,80 \\t 1 111 111,11 \\t 881 602,92 \\t 1 992 714,03 \\n22\\t15.02.2028\\t 16 666 666,69 \\t 1 111 111,11 \\t 726 320,66 \\t 1 837 431,77 \\n23\\t15.03.2028\\t 15 555 555,58 \\t 1 111 111,11 \\t 677 899,07 \\t 1 789 010,18 \\n24\\t17.04.2028\\t 14 444 444,47 \\t 1 111 111,11 \\t 716 302,29 \\t 1 827 413,40 \\n25\\t15.05.2028\\t 13 333 333,36 \\t 1 111 111,11 \\t 561 020,04 \\t 1 672 131,15 \\n26\\t15.06.2028\\t 12 222 222,25 \\t 1 111 111,11 \\t 569 368,63 \\t 1 680 479,74 \\n27\\t17.07.2028\\t 11 111 111,14 \\t 1 111 111,11 \\t 534 304,64 \\t 1 645 415,75 \\n28\\t15.08.2028\\t 10 000 000,03 \\t 1 111 111,11 \\t 435 792,28 \\t 1 546 903,39 \\n29\\t15.09.2028\\t 8 888 888,92 \\t 1 111 111,11 \\t 414 086,22 \\t 1 525 197,33 \\n30\\t16.10.2028\\t 7 777 777,81 \\t 1 111 111,11 \\t 362 325,52 \\t 1 473 436,63 \\n31\\t15.11.2028\\t 6 666 666,70 \\t 1 111 111,11 \\t 300 546,30 \\t 1 411 657,41 \\n32\\t15.12.2028\\t 5 555 555,59 \\t 1 111 111,11 \\t 250 455,30 \\t 1 361 566,41 \\n33\\t15.01.2029\\t 4 444 444,48 \\t 1 111 111,11 \\t 207 610,41 \\t 1 318 721,52 \\n34\\t15.02.2029\\t 3 333 333,37 \\t 1 111 111,11 \\t 155 707,73 \\t 1 266 818,84 \\n35\\t15.03.2029\\t 2 222 222,26 \\t 1 111 111,11 \\t 93 759,40 \\t 1 204 870,51 \\n36\\t14.04.2029\\t 1 111 111,15 \\t 1 111 111,15 \\t 50 228,40 \\t 1 161 339,55 \\n\\tJAMI\\t\\t 40 000 000,00 \\t 34 030 480,56 \\t 74 030 480,56 \\n", "foiz_stavkasi": "55", "kredit_muddati": "36", "kredit_summasi": "40 000 000", "shartnoma_sana": "14.04.2026", "boshlanish_sana": "14.04.2026", "oylik_tolov_soz": "ikki million to'qqiz yuz yetmish to'qqiz ming", "shartnoma_raqami": "347BR", "foiz_stavkasi_soz": "ellik besh", "kredit_muddati_soz": "o'ttiz olti", "kredit_summasi_soz": "qirq million"}, "administrative": {"filial": "Buxoro", "filial_fish": "IKROMOV BAHODIR ABDURAXIMOVICH", "tashkilot_nomi": "«PULLOL BUSINESS MIKROMOLIYA TASHKILOTI» MChJ", "filial_fish_inisiali": "B.A.IKROMOV", "tashkilot_direktor_fish": "OBIDOV ABDULLOH SHOKIR OGLI", "tashkilot_direktor_fish_inisiali": "A.SH.OBIDOV"}}	2026-04-14 10:59:04.295473+00	2	new	2026-04-14 10:59:04.295489+00	2	Buxoro	IKROMOV BAHODIR ABDURAXIMOVICH
10	{"financial": {"ish_manzil": "Бухоро вилояти Бухоро шаҳар", "ish_lavozim": "Йўловчиларни енгил автотранспорт воситаларида ташиш", "aloqa_uy_tel": "", "daromad_jami": "12 000 000", "ish_muassasa": "O'Z O'ZINI BAND QILGAN FUQARO", "xarajat_jami": "1 800 000", "aloqa_ish_tel": "", "majburiyatlar": "", "daromad_asosiy": "12 000 000", "daromad_boshqa": 0, "xarajat_boshqa": "600 000", "aloqa_uyali_tel": "", "xarajat_oilaviy": "500 000", "daromad_jami_soz": "o'n ikki million", "daromad_orindosh": 0, "xarajat_jami_soz": "bir million sakkiz yuz ming", "xarajat_kommunal": "700 000"}, "collateral": {"avto": {"yil": "2015", "nomi": "CHEVRALET SPARK", "rang": "OQ OLIMPIYSKAYA BELAYA", "kuzov": "XWBMA481JFA589663", "bahosi": "42 000 000", "manzil": "", "shassi": "RAKAMSIZ", "jshshir": "", "dvigatel": "B10D1357149KD3", "bahosi_soz": "qirq ikki million", "kuzov_turi": "Xetchbek", "texpasport": "AAG0167254", "davlat_raqami": "10W132ZA", "texpasport_sana": "03.10.2022"}, "mulk": {"nomi": "", "turi": "", "bahosi": 0, "manzili": "", "bahosi_soz": "", "egasi_fish": "", "reestr_raqami": "", "kadastr_raqami": "", "yashash_maydoni": "", "umumiy_yer_maydoni": "", "qurilish_osti_maydoni": "", "umumiy_foydali_maydoni": ""}, "owner": {"fish": "UMEDOVA LAYLO OYBEK QIZI ", "jinsi": "", "jshshir": "41504950470012", "pasport": "AD1223684", "telefon": "+998 90 414 01 11", "fish_inisiali": "L.O.UMEDOVA", "tugilgan_sana": "15.04.1995", "pasport_amal_qilish": "03.04.2032", "pasport_berilgan_joy": "TOSHKENT VILOYATI CHIRCHIQ SHAHAR IIB", "pasport_berilgan_sana": "04.04.2022"}, "types": ["avto", "sugurta"], "sugurta": {"summa": "14 000 000", "kompaniya": "АО СК \\"IMPEX INSURANCE\\"", "summa_soz": "o'n to'rt million"}, "garov_egasi": "ishonchnoma", "ishonchnoma": {"notarius_fish": "SHARIPOV ZAFAR JO'RABOYEVICH", "notarius_address": "BUXORO VILOYATI BUXORO SHAHRI ASHXOBOD KO'CHASI 1/3 UY", "notarius_berilgan_sana": "14.04.2026", "notarius_reestr_raqami": "202602386003213"}}, "client_info": {"fish": "BOTIROVA AZIZA XAMIDOVNA", "jinsi": "ayol", "manzil": "", "jshshir": "41104915300015", "pasport": "AB4741413", "telefon": "+998 04 140 11 1", "contacts": [{"telefon": "+998 91 080 27 87", "qarindoshlik": "turmush_ortoq"}, {"telefon": "+998 91 840 01 92", "qarindoshlik": "farzand"}], "fish_inisiali": "A.X.BOTIROVA", "tugilgan_sana": "11.04.1991", "pasport_amal_qilish": "16.08.2026", "pasport_berilgan_joy": "BUXORO VILOYATI KOGON TUMANI IIB", "pasport_berilgan_sana": "17.08.2016"}, "loan_details": {"grafik_turi": "differensial", "kredit_turi": "mikroqarz", "oylik_tolov": "2 980 000", "tugash_sana": "14.04.2029", "grafik_matni": "№\\tTo'lov muddati\\t Asosiy qarz qoldig'i  \\tTo'lov miqdori, so'm\\t\\t\\n\\t\\t\\t asosiy qarz\\tfoizlar\\tjami*\\n1\\t15.05.2026\\t 40 000 000,00 \\t 1 111 111,11 \\t 1 868 493,07 \\t 2 979 604,18 \\n2\\t15.06.2026\\t 38 888 888,89 \\t 1 111 111,11 \\t 1 816 590,70 \\t 2 927 701,81 \\n3\\t15.07.2026\\t 37 777 777,78 \\t 1 111 111,11 \\t 1 707 762,60 \\t 2 818 873,71 \\n4\\t17.08.2026\\t 36 666 666,67 \\t 1 111 111,11 \\t 1 823 287,62 \\t 2 934 398,73 \\n5\\t15.09.2026\\t 35 555 555,56 \\t 1 111 111,11 \\t 1 553 728,94 \\t 2 664 840,05 \\n6\\t15.10.2026\\t 34 444 444,45 \\t 1 111 111,11 \\t 1 557 077,70 \\t 2 668 188,81 \\n7\\t16.11.2026\\t 33 333 333,34 \\t 1 111 111,11 \\t 1 607 305,92 \\t 2 718 417,03 \\n8\\t15.12.2026\\t 32 222 222,23 \\t 1 111 111,11 \\t 1 408 066,87 \\t 2 519 177,98 \\n9\\t15.01.2027\\t 31 111 111,12 \\t 1 111 111,11 \\t 1 453 272,56 \\t 2 564 383,67 \\n10\\t15.02.2027\\t 30 000 000,01 \\t 1 111 111,11 \\t 1 401 369,88 \\t 2 512 480,99 \\n11\\t15.03.2027\\t 28 888 888,90 \\t 1 111 111,11 \\t 1 218 873,60 \\t 2 329 984,71 \\n12\\t15.04.2027\\t 27 777 777,79 \\t 1 111 111,11 \\t 1 297 564,83 \\t 2 408 675,94 \\n13\\t17.05.2027\\t 26 666 666,68 \\t 1 111 111,11 \\t 1 285 844,80 \\t 2 396 955,91 \\n14\\t15.06.2027\\t 25 555 555,57 \\t 1 111 111,11 \\t 1 116 742,73 \\t 2 227 853,84 \\n15\\t15.07.2027\\t 24 444 444,46 \\t 1 111 111,11 \\t 1 105 022,70 \\t 2 216 133,81 \\n16\\t16.08.2027\\t 23 333 333,35 \\t 1 111 111,11 \\t 1 125 114,24 \\t 2 236 225,35 \\n17\\t15.09.2027\\t 22 222 222,24 \\t 1 111 111,11 \\t 1 004 566,20 \\t 2 115 677,31 \\n18\\t15.10.2027\\t 21 111 111,13 \\t 1 111 111,11 \\t 954 337,80 \\t 2 065 448,91 \\n19\\t15.11.2027\\t 20 000 000,02 \\t 1 111 111,11 \\t 934 246,69 \\t 2 045 357,80 \\n20\\t15.12.2027\\t 18 888 888,91 \\t 1 111 111,11 \\t 853 881,30 \\t 1 964 992,41 \\n21\\t17.01.2028\\t 17 777 777,80 \\t 1 111 111,11 \\t 881 602,92 \\t 1 992 714,03 \\n22\\t15.02.2028\\t 16 666 666,69 \\t 1 111 111,11 \\t 726 320,66 \\t 1 837 431,77 \\n23\\t15.03.2028\\t 15 555 555,58 \\t 1 111 111,11 \\t 677 899,07 \\t 1 789 010,18 \\n24\\t17.04.2028\\t 14 444 444,47 \\t 1 111 111,11 \\t 716 302,29 \\t 1 827 413,40 \\n25\\t15.05.2028\\t 13 333 333,36 \\t 1 111 111,11 \\t 561 020,04 \\t 1 672 131,15 \\n26\\t15.06.2028\\t 12 222 222,25 \\t 1 111 111,11 \\t 569 368,63 \\t 1 680 479,74 \\n27\\t17.07.2028\\t 11 111 111,14 \\t 1 111 111,11 \\t 534 304,64 \\t 1 645 415,75 \\n28\\t15.08.2028\\t 10 000 000,03 \\t 1 111 111,11 \\t 435 792,28 \\t 1 546 903,39 \\n29\\t15.09.2028\\t 8 888 888,92 \\t 1 111 111,11 \\t 414 086,22 \\t 1 525 197,33 \\n30\\t16.10.2028\\t 7 777 777,81 \\t 1 111 111,11 \\t 362 325,52 \\t 1 473 436,63 \\n31\\t15.11.2028\\t 6 666 666,70 \\t 1 111 111,11 \\t 300 546,30 \\t 1 411 657,41 \\n32\\t15.12.2028\\t 5 555 555,59 \\t 1 111 111,11 \\t 250 455,30 \\t 1 361 566,41 \\n33\\t15.01.2029\\t 4 444 444,48 \\t 1 111 111,11 \\t 207 610,41 \\t 1 318 721,52 \\n34\\t15.02.2029\\t 3 333 333,37 \\t 1 111 111,11 \\t 155 707,73 \\t 1 266 818,84 \\n35\\t15.03.2029\\t 2 222 222,26 \\t 1 111 111,11 \\t 93 759,40 \\t 1 204 870,51 \\n36\\t14.04.2029\\t 1 111 111,15 \\t 1 111 111,15 \\t 50 228,40 \\t 1 161 339,55 \\n\\tJAMI\\t\\t 40 000 000,00 \\t 34 030 480,56 \\t 74 030 480,56 \\n", "foiz_stavkasi": "55", "kredit_muddati": "36", "kredit_summasi": "40 000 000", "shartnoma_sana": "14.04.2026", "boshlanish_sana": "14.04.2026", "oylik_tolov_soz": "ikki million to'qqiz yuz sakson ming", "shartnoma_raqami": "347BR", "foiz_stavkasi_soz": "ellik besh", "kredit_muddati_soz": "o'ttiz olti", "kredit_summasi_soz": "qirq million"}, "administrative": {"filial": "Buxoro", "filial_fish": "IKROMOV BAHODIR ABDURAXIMOVICH", "tashkilot_nomi": "«PULLOL BUSINESS MIKROMOLIYA TASHKILOTI» MChJ", "filial_fish_inisiali": "B.A.IKROMOV", "tashkilot_direktor_fish": "OBIDOV ABDULLOH SHOKIR OGLI", "tashkilot_direktor_fish_inisiali": "A.SH.OBIDOV"}}	2026-04-14 11:18:28.551453+00	2	new	2026-04-14 11:18:28.55147+00	2	Buxoro	IKROMOV BAHODIR ABDURAXIMOVICH
\.


--
-- Data for Name: api_userprofile; Type: TABLE DATA; Schema: public; Owner: mira_user
--

COPY public.api_userprofile (id, user_id, filial, filial_fish, filial_fish_inisiali, tashkilot_direktor_fish, tashkilot_direktor_fish_inisiali, tashkilot_nomi) FROM stdin;
1	1	Bosh ofis	\N	\N	OBIDOV ABDULLOH SHOKIR OGLI	A.SH.OBIDOV	«PULLOL BUSINESS MIKROMOLIYA TASHKILOTI» MChJ
2	2	Buxoro	IKROMOV BAHODIR ABDURAXIMOVICH	B.A.IKROMOV	OBIDOV ABDULLOH SHOKIR OGLI	A.SH.OBIDOV	«PULLOL BUSINESS MIKROMOLIYA TASHKILOTI» MChJ
3	3	Bosh ofis	\N	\N	OBIDOV ABDULLOH SHOKIR OGLI	A.SH.OBIDOV	«PULLOL BUSINESS MIKROMOLIYA TASHKILOTI» MChJ
4	4	Bosh ofis	\N	\N	MOMINOV BOTIR XASAN O'G'LI	B.X.MOMINOV	«PULLOL BUSINESS MIKROMOLIYA TASHKILOTI» MChJ
5	5	To'rtko'l	DJUMANAZAROV BOBUR ANVAR O'G'LI	B.A.DJUMANAZAROV	MOMINOV BOTIR XASAN O'G'LI	B.X.MOMINOV	«PULLOL BUSINESS MIKROMOLIYA TASHKILOTI» MChJ
6	6	Urganch	ORAZOV JASURBEK XASANOVICH	J.X.ORAZOV	MOMINOV BOTIR XASAN O'G'LI	B.X.MOMINOV	«PULLOL BUSINESS MIKROMOLIYA TASHKILOTI» MChJ
7	7	Bosh ofis	\N	\N	MOMINOV BOTIR XASAN O'G'LI	B.X.MOMINOV	\N
8	8	Navoiy	XAYRIYEV SHERALI BURIBOYEVICH	SH.B.XAYRIYEV	MOMINOV BOTIR XASAN O'G'LI	B.X.MOMINOV	«PULLOL BUSINESS MIKROMOLIYA TASHKILOTI» MChJ
9	9	Nukus	SHAMURATOV SULAYMAN MAXMUD ULI	S.M.SHAMURATOV	MOMINOV BOTIR XASAN O'G'LI	B.X.MOMINOV	«PULLOL BUSINESS MIKROMOLIYA TASHKILOTI» MChJ
\.


--
-- Data for Name: auth_group; Type: TABLE DATA; Schema: public; Owner: mira_user
--

COPY public.auth_group (id, name) FROM stdin;
1	operator
2	moderator
3	direktor
\.


--
-- Data for Name: auth_group_permissions; Type: TABLE DATA; Schema: public; Owner: mira_user
--

COPY public.auth_group_permissions (id, group_id, permission_id) FROM stdin;
\.


--
-- Data for Name: auth_permission; Type: TABLE DATA; Schema: public; Owner: mira_user
--

COPY public.auth_permission (id, name, content_type_id, codename) FROM stdin;
1	Can add log entry	1	add_logentry
2	Can change log entry	1	change_logentry
3	Can delete log entry	1	delete_logentry
4	Can view log entry	1	view_logentry
5	Can add permission	3	add_permission
6	Can change permission	3	change_permission
7	Can delete permission	3	delete_permission
8	Can view permission	3	view_permission
9	Can add group	2	add_group
10	Can change group	2	change_group
11	Can delete group	2	delete_group
12	Can view group	2	view_group
13	Can add user	4	add_user
14	Can change user	4	change_user
15	Can delete user	4	delete_user
16	Can view user	4	view_user
17	Can add content type	5	add_contenttype
18	Can change content type	5	change_contenttype
19	Can delete content type	5	delete_contenttype
20	Can view content type	5	view_contenttype
21	Can add session	6	add_session
22	Can change session	6	change_session
23	Can delete session	6	delete_session
24	Can view session	6	view_session
25	Can add loan application	7	add_loanapplication
26	Can change loan application	7	change_loanapplication
27	Can delete loan application	7	delete_loanapplication
28	Can view loan application	7	view_loanapplication
29	Can add user profile	8	add_userprofile
30	Can change user profile	8	change_userprofile
31	Can delete user profile	8	delete_userprofile
32	Can view user profile	8	view_userprofile
\.


--
-- Data for Name: auth_user; Type: TABLE DATA; Schema: public; Owner: mira_user
--

COPY public.auth_user (id, password, last_login, is_superuser, username, first_name, last_name, email, is_staff, is_active, date_joined) FROM stdin;
2	pbkdf2_sha256$1200000$oJsTZNLNIL997JtCVP8qXa$OBTEp2UzVAbJFsqdzaOmgTuTDF7OIJ6ju1pvc732KUM=	\N	f	b.ikromov	IKROMOV BAHODIR ABDURAXIMOVICH			t	t	2026-04-05 07:34:25+00
4	pbkdf2_sha256$1200000$GSsK5ZS0RHVFsN4M1KUR1j$izPVXS5OY0vlJvm7TX+k5Hh1xIF+/sdD1hLJnp4F3X0=	\N	f	b.mominov	MOMINOV BOTIR XASAN OGLI			t	t	2026-04-05 07:37:05+00
3	pbkdf2_sha256$1200000$ULjYY32IqLnqNV2105f9q7$xgmkWdAYbTtcooDfVkk3TRhL4DwZUwKZ2u91IzjkKqE=	\N	f	a.obidov	OBIDOV ABDULLOH SHOKIR OGLI			f	f	2026-04-05 07:35:52+00
5	pbkdf2_sha256$1200000$cc6INAY6p12bWBI8sHXir9$uHFp/+WIr55A7PLxFwqEJCNu5PvaMOv0ZrVnB86sK/M=	\N	f	b.djumanazarov	DJUMANAZAROV BOBUR ANVAR O'G'LI			t	t	2026-04-06 11:27:29+00
6	pbkdf2_sha256$1200000$dS6zUZ7U8LdRUxSbnnDydE$t8vBVmBBkJYXQyCBxPGKdjM7A1OfiuCi32mXvwBwz/w=	\N	f	j.orazov	ORAZOV JASURBEK XASANOVICH			t	t	2026-04-06 11:30:27+00
7	pbkdf2_sha256$1200000$giMiVbDLUBzehdZAwVF1pf$eTImoSqiC4TesrbH9o2Z/xaCSoOlUx780WXfttzW4/k=	\N	f	r.akramov	AKRAMOV RAVSHAN N			t	t	2026-04-06 11:32:49+00
1	pbkdf2_sha256$1200000$KeNrZJ5nDPJ7rxqBsymswe$KU4XpQXumvt0+8kuARr/cgo6VSut7MH9kwmq6AiZC9c=	2026-04-07 12:56:51.144467+00	t	admin	Admin			t	t	2026-04-05 07:25:10+00
8	pbkdf2_sha256$1200000$CX3VJfxg0VGRotLG0d1A2k$rfUQWzI4kd5HLDfpZrZ622iaA1dqcNt9ap5SdOrWn/k=	\N	f	sh.xayriyev	XAYRIYEV SHERALI BURIBOYEVICH			t	t	2026-04-07 12:57:26+00
9	pbkdf2_sha256$1200000$kRrlY7N9lfGmbvX52unloz$SIMRMQHaw5NqtU08HIrzSkSRUbdUsJyGi9G5ZLoSp04=	\N	f	s.shamuratov	SHAMURATOV SULAYMAN MAXMUD ULI			t	t	2026-04-08 11:47:24+00
\.


--
-- Data for Name: auth_user_groups; Type: TABLE DATA; Schema: public; Owner: mira_user
--

COPY public.auth_user_groups (id, user_id, group_id) FROM stdin;
3	1	3
4	2	1
5	3	3
6	4	2
7	5	1
8	6	1
9	7	2
10	8	1
11	9	1
\.


--
-- Data for Name: auth_user_user_permissions; Type: TABLE DATA; Schema: public; Owner: mira_user
--

COPY public.auth_user_user_permissions (id, user_id, permission_id) FROM stdin;
\.


--
-- Data for Name: django_admin_log; Type: TABLE DATA; Schema: public; Owner: mira_user
--

COPY public.django_admin_log (id, action_time, object_id, object_repr, action_flag, change_message, content_type_id, user_id) FROM stdin;
1	2026-04-05 07:30:59.547484+00	1	admin	2	[{"changed": {"fields": ["password"]}}]	4	1
2	2026-04-05 07:31:10.741652+00	1	admin	2	[{"changed": {"fields": ["First name"]}}]	4	1
3	2026-04-05 07:31:24.611046+00	1	operator	1	[{"added": {}}]	2	1
4	2026-04-05 07:31:33.478425+00	2	moderator	1	[{"added": {}}]	2	1
5	2026-04-05 07:31:42.152829+00	3	direktor	1	[{"added": {}}]	2	1
6	2026-04-05 07:31:56.41718+00	1	admin	2	[{"changed": {"fields": ["Groups"]}}]	4	1
7	2026-04-05 07:32:50.090342+00	1	admin	2	[{"changed": {"fields": ["Filial", "Tashkilot nomi", "Tashkilot direktor fish", "Tashkilot direktor fish inisiali"]}}]	8	1
8	2026-04-05 07:34:26.138901+00	2	b.ikromov	1	[{"added": {}}]	4	1
9	2026-04-05 07:34:40.153908+00	2	b.ikromov	2	[{"changed": {"fields": ["First name", "Staff status", "Groups"]}}]	4	1
10	2026-04-05 07:35:04.944726+00	2	b.ikromov	2	[{"changed": {"fields": ["Filial", "Filial fish", "Filial fish inisiali", "Tashkilot nomi", "Tashkilot direktor fish", "Tashkilot direktor fish inisiali"]}}]	8	1
11	2026-04-05 07:35:53.45218+00	3	a.obidov	1	[{"added": {}}]	4	1
12	2026-04-05 07:36:07.873845+00	3	a.obidov	2	[{"changed": {"fields": ["First name", "Groups"]}}]	4	1
13	2026-04-05 07:36:28.932636+00	3	a.obidov	2	[{"changed": {"fields": ["Filial", "Tashkilot nomi", "Tashkilot direktor fish", "Tashkilot direktor fish inisiali"]}}]	8	1
14	2026-04-05 07:37:06.323628+00	4	b.mominov	1	[{"added": {}}]	4	1
15	2026-04-05 07:37:32.0879+00	4	b.mominov	2	[{"changed": {"fields": ["Filial", "Tashkilot nomi", "Tashkilot direktor fish", "Tashkilot direktor fish inisiali"]}}]	8	1
16	2026-04-05 07:37:49.729581+00	4	b.mominov	2	[{"changed": {"fields": ["First name", "Staff status", "Groups"]}}]	4	1
17	2026-04-05 07:44:40.227269+00	1	admin	2	[{"changed": {"fields": ["Groups"]}}]	4	1
18	2026-04-06 11:25:54.788041+00	4	b.mominov	2	[{"changed": {"fields": ["Tashkilot direktor fish", "Tashkilot direktor fish inisiali"]}}]	8	1
19	2026-04-06 11:26:48.380833+00	3	a.obidov	2	[{"changed": {"fields": ["Active"]}}]	4	1
20	2026-04-06 11:27:29.768879+00	5	b.djumanazarov	1	[{"added": {}}]	4	1
21	2026-04-06 11:27:58.388477+00	5	b.djumanazarov	2	[{"changed": {"fields": ["First name", "Staff status", "Groups"]}}]	4	1
22	2026-04-06 11:29:03.355923+00	5	b.djumanazarov	2	[{"changed": {"fields": ["Filial", "Filial fish", "Filial fish inisiali", "Tashkilot nomi", "Tashkilot direktor fish", "Tashkilot direktor fish inisiali"]}}]	8	1
23	2026-04-06 11:30:28.026828+00	6	j.orazov	1	[{"added": {}}]	4	1
24	2026-04-06 11:30:50.805622+00	6	j.orazov	2	[{"changed": {"fields": ["First name", "Staff status", "Groups"]}}]	4	1
25	2026-04-06 11:31:36.395724+00	6	j.orazov	2	[{"changed": {"fields": ["Filial", "Filial fish", "Filial fish inisiali", "Tashkilot nomi", "Tashkilot direktor fish", "Tashkilot direktor fish inisiali"]}}]	8	1
26	2026-04-06 11:32:50.371388+00	7	r.akramov	1	[{"added": {}}]	4	1
27	2026-04-06 11:33:11.131413+00	7	r.akramov	2	[{"changed": {"fields": ["First name", "Staff status", "Groups"]}}]	4	1
28	2026-04-06 11:33:53.84453+00	7	r.akramov	2	[{"changed": {"fields": ["Filial", "Tashkilot direktor fish", "Tashkilot direktor fish inisiali"]}}]	8	1
29	2026-04-07 12:57:26.773414+00	8	sh.xayriyev	1	[{"added": {}}]	4	1
30	2026-04-07 12:58:41.763113+00	8	sh.xayriyev	2	[{"changed": {"fields": ["First name", "Staff status", "Groups"]}}]	4	1
31	2026-04-07 13:01:02.135506+00	8	sh.xayriyev	2	[{"changed": {"fields": ["Filial", "Filial fish", "Filial fish inisiali", "Tashkilot nomi", "Tashkilot direktor fish", "Tashkilot direktor fish inisiali"]}}]	8	1
32	2026-04-08 11:47:24.813754+00	9	s.shamuratov	1	[{"added": {}}]	4	1
33	2026-04-08 11:47:51.763653+00	9	s.shamuratov	2	[{"changed": {"fields": ["First name", "Staff status", "Groups"]}}]	4	1
34	2026-04-08 11:50:12.486653+00	9	s.shamuratov	2	[{"changed": {"fields": ["Filial", "Filial fish", "Filial fish inisiali", "Tashkilot nomi", "Tashkilot direktor fish", "Tashkilot direktor fish inisiali"]}}]	8	1
\.


--
-- Data for Name: django_content_type; Type: TABLE DATA; Schema: public; Owner: mira_user
--

COPY public.django_content_type (id, app_label, model) FROM stdin;
1	admin	logentry
2	auth	group
3	auth	permission
4	auth	user
5	contenttypes	contenttype
6	sessions	session
7	api	loanapplication
8	api	userprofile
\.


--
-- Data for Name: django_migrations; Type: TABLE DATA; Schema: public; Owner: mira_user
--

COPY public.django_migrations (id, app, name, applied) FROM stdin;
1	contenttypes	0001_initial	2026-04-05 07:24:37.077439+00
2	auth	0001_initial	2026-04-05 07:24:37.191701+00
3	admin	0001_initial	2026-04-05 07:24:37.235496+00
4	admin	0002_logentry_remove_auto_add	2026-04-05 07:24:37.247973+00
5	admin	0003_logentry_add_action_flag_choices	2026-04-05 07:24:37.256854+00
6	api	0001_initial	2026-04-05 07:24:37.271015+00
7	api	0002_userprofile	2026-04-05 07:24:37.295438+00
8	api	0003_remove_userprofile_role	2026-04-05 07:24:37.307655+00
9	api	0004_loanapplication_created_by_loanapplication_status_and_more	2026-04-05 07:24:37.434251+00
10	api	0005_loanapplication_branch_loanapplication_operator_fish	2026-04-05 07:24:37.453892+00
11	api	0006_rename_fish_userprofile_filial_fish_and_more	2026-04-05 07:24:37.50896+00
12	contenttypes	0002_remove_content_type_name	2026-04-05 07:24:37.527784+00
13	auth	0002_alter_permission_name_max_length	2026-04-05 07:24:37.538853+00
14	auth	0003_alter_user_email_max_length	2026-04-05 07:24:37.549623+00
15	auth	0004_alter_user_username_opts	2026-04-05 07:24:37.558589+00
16	auth	0005_alter_user_last_login_null	2026-04-05 07:24:37.570053+00
17	auth	0006_require_contenttypes_0002	2026-04-05 07:24:37.571678+00
18	auth	0007_alter_validators_add_error_messages	2026-04-05 07:24:37.582021+00
19	auth	0008_alter_user_username_max_length	2026-04-05 07:24:37.607376+00
20	auth	0009_alter_user_last_name_max_length	2026-04-05 07:24:37.618566+00
21	auth	0010_alter_group_name_max_length	2026-04-05 07:24:37.633894+00
22	auth	0011_update_proxy_permissions	2026-04-05 07:24:37.642845+00
23	auth	0012_alter_user_first_name_max_length	2026-04-05 07:24:37.652582+00
24	sessions	0001_initial	2026-04-05 07:24:37.676364+00
\.


--
-- Data for Name: django_session; Type: TABLE DATA; Schema: public; Owner: mira_user
--

COPY public.django_session (session_key, session_data, expire_date) FROM stdin;
jimlvupnqjw4yruovtidju3n4n2erf0t	.eJxVjEEOwiAQRe_C2hCmkBZcuvcMZJgZpGogKe3KeHdt0oVu_3vvv1TEbS1x67LEmdVZgTr9bgnpIXUHfMd6a5paXZc56V3RB-362liel8P9OyjYy7f2LoERawbiANZngMwOA_BkDHnj0JLjMAYSxpEHoMlnh-QBBIMDUe8P2MA38Q:1wA0aq:net-qTo2FhX_DtwOLxPDKgCB8BXBCk_TGxbXPojBS-Q	2026-04-21 07:11:24.68968+00
qi1p871siluj6p709rlnnizqr7pely6m	.eJxVjEEOwiAQRe_C2hCmkBZcuvcMZJgZpGogKe3KeHdt0oVu_3vvv1TEbS1x67LEmdVZgTr9bgnpIXUHfMd6a5paXZc56V3RB-362liel8P9OyjYy7f2LoERawbiANZngMwOA_BkDHnj0JLjMAYSxpEHoMlnh-QBBIMDUe8P2MA38Q:1wA5z9:zyltHT_ys6RSo2SG02WQAdDAAXckkoBN--Y79glKeMQ	2026-04-21 12:56:51.148061+00
\.


--
-- Name: api_loanapplication_id_seq; Type: SEQUENCE SET; Schema: public; Owner: mira_user
--

SELECT pg_catalog.setval('public.api_loanapplication_id_seq', 10, true);


--
-- Name: api_userprofile_id_seq; Type: SEQUENCE SET; Schema: public; Owner: mira_user
--

SELECT pg_catalog.setval('public.api_userprofile_id_seq', 9, true);


--
-- Name: auth_group_id_seq; Type: SEQUENCE SET; Schema: public; Owner: mira_user
--

SELECT pg_catalog.setval('public.auth_group_id_seq', 3, true);


--
-- Name: auth_group_permissions_id_seq; Type: SEQUENCE SET; Schema: public; Owner: mira_user
--

SELECT pg_catalog.setval('public.auth_group_permissions_id_seq', 1, false);


--
-- Name: auth_permission_id_seq; Type: SEQUENCE SET; Schema: public; Owner: mira_user
--

SELECT pg_catalog.setval('public.auth_permission_id_seq', 32, true);


--
-- Name: auth_user_groups_id_seq; Type: SEQUENCE SET; Schema: public; Owner: mira_user
--

SELECT pg_catalog.setval('public.auth_user_groups_id_seq', 11, true);


--
-- Name: auth_user_id_seq; Type: SEQUENCE SET; Schema: public; Owner: mira_user
--

SELECT pg_catalog.setval('public.auth_user_id_seq', 9, true);


--
-- Name: auth_user_user_permissions_id_seq; Type: SEQUENCE SET; Schema: public; Owner: mira_user
--

SELECT pg_catalog.setval('public.auth_user_user_permissions_id_seq', 1, false);


--
-- Name: django_admin_log_id_seq; Type: SEQUENCE SET; Schema: public; Owner: mira_user
--

SELECT pg_catalog.setval('public.django_admin_log_id_seq', 34, true);


--
-- Name: django_content_type_id_seq; Type: SEQUENCE SET; Schema: public; Owner: mira_user
--

SELECT pg_catalog.setval('public.django_content_type_id_seq', 8, true);


--
-- Name: django_migrations_id_seq; Type: SEQUENCE SET; Schema: public; Owner: mira_user
--

SELECT pg_catalog.setval('public.django_migrations_id_seq', 24, true);


--
-- Name: api_loanapplication api_loanapplication_pkey; Type: CONSTRAINT; Schema: public; Owner: mira_user
--

ALTER TABLE ONLY public.api_loanapplication
    ADD CONSTRAINT api_loanapplication_pkey PRIMARY KEY (id);


--
-- Name: api_userprofile api_userprofile_pkey; Type: CONSTRAINT; Schema: public; Owner: mira_user
--

ALTER TABLE ONLY public.api_userprofile
    ADD CONSTRAINT api_userprofile_pkey PRIMARY KEY (id);


--
-- Name: api_userprofile api_userprofile_user_id_key; Type: CONSTRAINT; Schema: public; Owner: mira_user
--

ALTER TABLE ONLY public.api_userprofile
    ADD CONSTRAINT api_userprofile_user_id_key UNIQUE (user_id);


--
-- Name: auth_group auth_group_name_key; Type: CONSTRAINT; Schema: public; Owner: mira_user
--

ALTER TABLE ONLY public.auth_group
    ADD CONSTRAINT auth_group_name_key UNIQUE (name);


--
-- Name: auth_group_permissions auth_group_permissions_group_id_permission_id_0cd325b0_uniq; Type: CONSTRAINT; Schema: public; Owner: mira_user
--

ALTER TABLE ONLY public.auth_group_permissions
    ADD CONSTRAINT auth_group_permissions_group_id_permission_id_0cd325b0_uniq UNIQUE (group_id, permission_id);


--
-- Name: auth_group_permissions auth_group_permissions_pkey; Type: CONSTRAINT; Schema: public; Owner: mira_user
--

ALTER TABLE ONLY public.auth_group_permissions
    ADD CONSTRAINT auth_group_permissions_pkey PRIMARY KEY (id);


--
-- Name: auth_group auth_group_pkey; Type: CONSTRAINT; Schema: public; Owner: mira_user
--

ALTER TABLE ONLY public.auth_group
    ADD CONSTRAINT auth_group_pkey PRIMARY KEY (id);


--
-- Name: auth_permission auth_permission_content_type_id_codename_01ab375a_uniq; Type: CONSTRAINT; Schema: public; Owner: mira_user
--

ALTER TABLE ONLY public.auth_permission
    ADD CONSTRAINT auth_permission_content_type_id_codename_01ab375a_uniq UNIQUE (content_type_id, codename);


--
-- Name: auth_permission auth_permission_pkey; Type: CONSTRAINT; Schema: public; Owner: mira_user
--

ALTER TABLE ONLY public.auth_permission
    ADD CONSTRAINT auth_permission_pkey PRIMARY KEY (id);


--
-- Name: auth_user_groups auth_user_groups_pkey; Type: CONSTRAINT; Schema: public; Owner: mira_user
--

ALTER TABLE ONLY public.auth_user_groups
    ADD CONSTRAINT auth_user_groups_pkey PRIMARY KEY (id);


--
-- Name: auth_user_groups auth_user_groups_user_id_group_id_94350c0c_uniq; Type: CONSTRAINT; Schema: public; Owner: mira_user
--

ALTER TABLE ONLY public.auth_user_groups
    ADD CONSTRAINT auth_user_groups_user_id_group_id_94350c0c_uniq UNIQUE (user_id, group_id);


--
-- Name: auth_user auth_user_pkey; Type: CONSTRAINT; Schema: public; Owner: mira_user
--

ALTER TABLE ONLY public.auth_user
    ADD CONSTRAINT auth_user_pkey PRIMARY KEY (id);


--
-- Name: auth_user_user_permissions auth_user_user_permissions_pkey; Type: CONSTRAINT; Schema: public; Owner: mira_user
--

ALTER TABLE ONLY public.auth_user_user_permissions
    ADD CONSTRAINT auth_user_user_permissions_pkey PRIMARY KEY (id);


--
-- Name: auth_user_user_permissions auth_user_user_permissions_user_id_permission_id_14a6b632_uniq; Type: CONSTRAINT; Schema: public; Owner: mira_user
--

ALTER TABLE ONLY public.auth_user_user_permissions
    ADD CONSTRAINT auth_user_user_permissions_user_id_permission_id_14a6b632_uniq UNIQUE (user_id, permission_id);


--
-- Name: auth_user auth_user_username_key; Type: CONSTRAINT; Schema: public; Owner: mira_user
--

ALTER TABLE ONLY public.auth_user
    ADD CONSTRAINT auth_user_username_key UNIQUE (username);


--
-- Name: django_admin_log django_admin_log_pkey; Type: CONSTRAINT; Schema: public; Owner: mira_user
--

ALTER TABLE ONLY public.django_admin_log
    ADD CONSTRAINT django_admin_log_pkey PRIMARY KEY (id);


--
-- Name: django_content_type django_content_type_app_label_model_76bd3d3b_uniq; Type: CONSTRAINT; Schema: public; Owner: mira_user
--

ALTER TABLE ONLY public.django_content_type
    ADD CONSTRAINT django_content_type_app_label_model_76bd3d3b_uniq UNIQUE (app_label, model);


--
-- Name: django_content_type django_content_type_pkey; Type: CONSTRAINT; Schema: public; Owner: mira_user
--

ALTER TABLE ONLY public.django_content_type
    ADD CONSTRAINT django_content_type_pkey PRIMARY KEY (id);


--
-- Name: django_migrations django_migrations_pkey; Type: CONSTRAINT; Schema: public; Owner: mira_user
--

ALTER TABLE ONLY public.django_migrations
    ADD CONSTRAINT django_migrations_pkey PRIMARY KEY (id);


--
-- Name: django_session django_session_pkey; Type: CONSTRAINT; Schema: public; Owner: mira_user
--

ALTER TABLE ONLY public.django_session
    ADD CONSTRAINT django_session_pkey PRIMARY KEY (session_key);


--
-- Name: api_loanapplication_created_by_id_2d2d236d; Type: INDEX; Schema: public; Owner: mira_user
--

CREATE INDEX api_loanapplication_created_by_id_2d2d236d ON public.api_loanapplication USING btree (created_by_id);


--
-- Name: api_loanapplication_updated_by_id_af49f461; Type: INDEX; Schema: public; Owner: mira_user
--

CREATE INDEX api_loanapplication_updated_by_id_af49f461 ON public.api_loanapplication USING btree (updated_by_id);


--
-- Name: auth_group_name_a6ea08ec_like; Type: INDEX; Schema: public; Owner: mira_user
--

CREATE INDEX auth_group_name_a6ea08ec_like ON public.auth_group USING btree (name varchar_pattern_ops);


--
-- Name: auth_group_permissions_group_id_b120cbf9; Type: INDEX; Schema: public; Owner: mira_user
--

CREATE INDEX auth_group_permissions_group_id_b120cbf9 ON public.auth_group_permissions USING btree (group_id);


--
-- Name: auth_group_permissions_permission_id_84c5c92e; Type: INDEX; Schema: public; Owner: mira_user
--

CREATE INDEX auth_group_permissions_permission_id_84c5c92e ON public.auth_group_permissions USING btree (permission_id);


--
-- Name: auth_permission_content_type_id_2f476e4b; Type: INDEX; Schema: public; Owner: mira_user
--

CREATE INDEX auth_permission_content_type_id_2f476e4b ON public.auth_permission USING btree (content_type_id);


--
-- Name: auth_user_groups_group_id_97559544; Type: INDEX; Schema: public; Owner: mira_user
--

CREATE INDEX auth_user_groups_group_id_97559544 ON public.auth_user_groups USING btree (group_id);


--
-- Name: auth_user_groups_user_id_6a12ed8b; Type: INDEX; Schema: public; Owner: mira_user
--

CREATE INDEX auth_user_groups_user_id_6a12ed8b ON public.auth_user_groups USING btree (user_id);


--
-- Name: auth_user_user_permissions_permission_id_1fbb5f2c; Type: INDEX; Schema: public; Owner: mira_user
--

CREATE INDEX auth_user_user_permissions_permission_id_1fbb5f2c ON public.auth_user_user_permissions USING btree (permission_id);


--
-- Name: auth_user_user_permissions_user_id_a95ead1b; Type: INDEX; Schema: public; Owner: mira_user
--

CREATE INDEX auth_user_user_permissions_user_id_a95ead1b ON public.auth_user_user_permissions USING btree (user_id);


--
-- Name: auth_user_username_6821ab7c_like; Type: INDEX; Schema: public; Owner: mira_user
--

CREATE INDEX auth_user_username_6821ab7c_like ON public.auth_user USING btree (username varchar_pattern_ops);


--
-- Name: django_admin_log_content_type_id_c4bce8eb; Type: INDEX; Schema: public; Owner: mira_user
--

CREATE INDEX django_admin_log_content_type_id_c4bce8eb ON public.django_admin_log USING btree (content_type_id);


--
-- Name: django_admin_log_user_id_c564eba6; Type: INDEX; Schema: public; Owner: mira_user
--

CREATE INDEX django_admin_log_user_id_c564eba6 ON public.django_admin_log USING btree (user_id);


--
-- Name: django_session_expire_date_a5c62663; Type: INDEX; Schema: public; Owner: mira_user
--

CREATE INDEX django_session_expire_date_a5c62663 ON public.django_session USING btree (expire_date);


--
-- Name: django_session_session_key_c0390e0f_like; Type: INDEX; Schema: public; Owner: mira_user
--

CREATE INDEX django_session_session_key_c0390e0f_like ON public.django_session USING btree (session_key varchar_pattern_ops);


--
-- Name: api_loanapplication api_loanapplication_created_by_id_2d2d236d_fk_auth_user_id; Type: FK CONSTRAINT; Schema: public; Owner: mira_user
--

ALTER TABLE ONLY public.api_loanapplication
    ADD CONSTRAINT api_loanapplication_created_by_id_2d2d236d_fk_auth_user_id FOREIGN KEY (created_by_id) REFERENCES public.auth_user(id) DEFERRABLE INITIALLY DEFERRED;


--
-- Name: api_loanapplication api_loanapplication_updated_by_id_af49f461_fk_auth_user_id; Type: FK CONSTRAINT; Schema: public; Owner: mira_user
--

ALTER TABLE ONLY public.api_loanapplication
    ADD CONSTRAINT api_loanapplication_updated_by_id_af49f461_fk_auth_user_id FOREIGN KEY (updated_by_id) REFERENCES public.auth_user(id) DEFERRABLE INITIALLY DEFERRED;


--
-- Name: api_userprofile api_userprofile_user_id_5a1c1c92_fk_auth_user_id; Type: FK CONSTRAINT; Schema: public; Owner: mira_user
--

ALTER TABLE ONLY public.api_userprofile
    ADD CONSTRAINT api_userprofile_user_id_5a1c1c92_fk_auth_user_id FOREIGN KEY (user_id) REFERENCES public.auth_user(id) DEFERRABLE INITIALLY DEFERRED;


--
-- Name: auth_group_permissions auth_group_permissio_permission_id_84c5c92e_fk_auth_perm; Type: FK CONSTRAINT; Schema: public; Owner: mira_user
--

ALTER TABLE ONLY public.auth_group_permissions
    ADD CONSTRAINT auth_group_permissio_permission_id_84c5c92e_fk_auth_perm FOREIGN KEY (permission_id) REFERENCES public.auth_permission(id) DEFERRABLE INITIALLY DEFERRED;


--
-- Name: auth_group_permissions auth_group_permissions_group_id_b120cbf9_fk_auth_group_id; Type: FK CONSTRAINT; Schema: public; Owner: mira_user
--

ALTER TABLE ONLY public.auth_group_permissions
    ADD CONSTRAINT auth_group_permissions_group_id_b120cbf9_fk_auth_group_id FOREIGN KEY (group_id) REFERENCES public.auth_group(id) DEFERRABLE INITIALLY DEFERRED;


--
-- Name: auth_permission auth_permission_content_type_id_2f476e4b_fk_django_co; Type: FK CONSTRAINT; Schema: public; Owner: mira_user
--

ALTER TABLE ONLY public.auth_permission
    ADD CONSTRAINT auth_permission_content_type_id_2f476e4b_fk_django_co FOREIGN KEY (content_type_id) REFERENCES public.django_content_type(id) DEFERRABLE INITIALLY DEFERRED;


--
-- Name: auth_user_groups auth_user_groups_group_id_97559544_fk_auth_group_id; Type: FK CONSTRAINT; Schema: public; Owner: mira_user
--

ALTER TABLE ONLY public.auth_user_groups
    ADD CONSTRAINT auth_user_groups_group_id_97559544_fk_auth_group_id FOREIGN KEY (group_id) REFERENCES public.auth_group(id) DEFERRABLE INITIALLY DEFERRED;


--
-- Name: auth_user_groups auth_user_groups_user_id_6a12ed8b_fk_auth_user_id; Type: FK CONSTRAINT; Schema: public; Owner: mira_user
--

ALTER TABLE ONLY public.auth_user_groups
    ADD CONSTRAINT auth_user_groups_user_id_6a12ed8b_fk_auth_user_id FOREIGN KEY (user_id) REFERENCES public.auth_user(id) DEFERRABLE INITIALLY DEFERRED;


--
-- Name: auth_user_user_permissions auth_user_user_permi_permission_id_1fbb5f2c_fk_auth_perm; Type: FK CONSTRAINT; Schema: public; Owner: mira_user
--

ALTER TABLE ONLY public.auth_user_user_permissions
    ADD CONSTRAINT auth_user_user_permi_permission_id_1fbb5f2c_fk_auth_perm FOREIGN KEY (permission_id) REFERENCES public.auth_permission(id) DEFERRABLE INITIALLY DEFERRED;


--
-- Name: auth_user_user_permissions auth_user_user_permissions_user_id_a95ead1b_fk_auth_user_id; Type: FK CONSTRAINT; Schema: public; Owner: mira_user
--

ALTER TABLE ONLY public.auth_user_user_permissions
    ADD CONSTRAINT auth_user_user_permissions_user_id_a95ead1b_fk_auth_user_id FOREIGN KEY (user_id) REFERENCES public.auth_user(id) DEFERRABLE INITIALLY DEFERRED;


--
-- Name: django_admin_log django_admin_log_content_type_id_c4bce8eb_fk_django_co; Type: FK CONSTRAINT; Schema: public; Owner: mira_user
--

ALTER TABLE ONLY public.django_admin_log
    ADD CONSTRAINT django_admin_log_content_type_id_c4bce8eb_fk_django_co FOREIGN KEY (content_type_id) REFERENCES public.django_content_type(id) DEFERRABLE INITIALLY DEFERRED;


--
-- Name: django_admin_log django_admin_log_user_id_c564eba6_fk_auth_user_id; Type: FK CONSTRAINT; Schema: public; Owner: mira_user
--

ALTER TABLE ONLY public.django_admin_log
    ADD CONSTRAINT django_admin_log_user_id_c564eba6_fk_auth_user_id FOREIGN KEY (user_id) REFERENCES public.auth_user(id) DEFERRABLE INITIALLY DEFERRED;


--
-- PostgreSQL database dump complete
--

\unrestrict u8wdrC4bRcJxRRjWeNXzclZ9adyxGXWdXYzHgnDMOBT8WVLZFkDG4EfLSiglJ11

